line_item_id,event_date_local,impressions,clicks,media_cost_usd,billing_month
LI-5010,2026-05-07,35506,56,134.78,2026-05
LI-5008,2026-06-06,13985,26,33.77,2026-06
LI-5101,2026-06-05,8865,6,30.89,2026-06
LI-5002,2026-04-25,10778,7,29.87,2026-04
LI-5002,2026-04-30,6337,7,11.37,2026-04
LI-5006,2026-04-24,-35485,31,139.53,2026-04
LI-5015,2026-04-30,11131,19,32.12,2026-05
LI-5008,2026-04-16,9983,10,38.45,2026-04
LI-5001,2026-05-22,52709,73,198.4,2026-05
LI-5103,2026-04-25,5455,11,14.5,2026-04
LI-5005,2026-05-31,6039,10,11.58,2026-06
LI-5103,2026-05-12,3999,3,10.81,2026-05
LI-5001,2026-05-04,41887,17,117.65,2026-05
LI-5004,2026-06-23,41701,69,137.09,2026-06
LI-5103,2026-05-11,4202,5,8.93,2026-05
LI-5010,2026-06-24,30041,37,112.92,2026-06
LI-5008,2026-06-10,8663,12,24.91,2026-06
LI-5006,2026-04-07,33378,33,96.83,2026-04
LI-5103,2026-06-03,3129,3,9.2,2026-06
LI-5007,2026-06-20,14961,18,43.01,2026-06
LI-5009,2026-05-15,23924,24,85.15,2026-05
LI-5012,2026-06-05,19397,12,40.76,2026-06
LI-5003,2026-05-25,14826,21,39.31,2026-05
LI-5103,2026-05-18,3732,5,6.12,2026-05
LI-5101,2026-05-26,4994,8,14.4,2026-05
LI-5012,2026-05-17,23786,37,59.43,2026-05
LI-5012,2026-06-15,25270,34,99.45,2026-06
LI-5004,2026-04-16,32321,37,68.83,2026-04
LI-5101,2026-05-28,9767,10,29.11,2026-05
LI-5005,2026-05-24,1511,1,6.14,2026-05
LI-5104,2026-04-22,3260,2,7.89,2026-04
LI-5007,2026-06-23,14298,15,24.63,2026-06
LI-5002,2026-04-27,9372,10,30.24,2026-04
LI-5006,2026-04-21,68709,133,287.17,2026-04
LI-5011,2026-06-08,6261,6,21.08,2026-06
LI-5003,2026-04-10,15311,15,49.17,2026-04
LI-5006,2026-04-28,60451,27,125.02,2026-04
LI-5102,2026-05-18,5562,11,9.73,2026-05
LI-5105,2026-04-24,5326,3,12.91,2026-04
LI-5008,2026-05-17,8486,10,27.15,2026-05
LI-5002,2026-05-29,10622,17,22.89,2026-05
LI-5103,2026-06-16,4466,3,16.07,2026-06
LI-5005,2026-06-02,8099,13,22.97,2026-06
LI-5005,2026-05-11,6740,9,19.83,2026-05
LI-5016,2026-06-02,36274,52,147.1,2026-06
LI-5014,2026-04-04,12371,15,49.59,2026-04
LI-5015,2026-06-08,11867,19,42.64,2026-06
LI-5014,2026-05-28,7763,4,16.09,2026-05
LI-5106,2026-06-10,7956,9,22.22,2026-06
LI-5005,2026-06-03,7253,6,13.74,2026-06
LI-5005,2026-04-07,8171,16,32.52,2026-04
LI-5009,2026-06-07,24558,24,66.8,2026-06
LI-5007,2026-05-12,12711,7,26.23,2026-05
LI-5009,2026-05-10,9047,16,37.86,2026-05
LI-5012,2026-06-19,22893,20,54.53,2026-06
LI-5011,2026-05-15,7124,8,11.56,2026-05
LI-5014,2026-04-01,14656,7,26.21,2026-04
LI-5007,2026-04-03,8976,14,26.06,2026-04
LI-5007,2026-06-04,12376,11,23.63,2026-06
LI-5003,2026-04-13,14071,11,29.75,2026-04
LI-5011,2026-04-20,8425,3,16.85,2026-04
LI-5008,2026-05-23,10295,18,40.02,2026-05
LI-5001,2026-06-26,40924,22,115.84,2026-06
LI-5004,2026-06-20,34219,18,120.33,2026-06
LI-5011,2026-06-05,7013,3,28.26,2026-06
LI-5106,2026-06-30,9568,5,26.38,2026-06
LI-5006,2026-04-10,35283,57,133.1,2026-04
LI-5106,2026-06-27,11714,7,34.23,2026-06
LI-5102,2026-04-03,5796,8,13.25,2026-04
LI-5016,2026-06-09,28330,35,79.9,2026-06
LI-5006,2026-06-02,61527,94,237.06,2026-06
LI-5106,2026-04-18,10500,9,19.11,2026-04
LI-5006,2026-04-09,56341,117,165.74,2026-04
LI-5002,2026-05-19,9236,16,36.54,2026-05
LI-5102,2026-05-27,5784,4,10.06,2026-05
LI-5004,2026-04-20,25547,21,79.55,2026-04
LI-5007,2026-06-27,18054,24,59.37,2026-06
LI-5011,2026-05-04,7611,6,26.81,2026-05
LI-5007,2026-06-10,14030,29,49.35,2026-06
LI-5007,2026-05-03,14903,12,44.93,2026-05
LI-5001,2026-04-16,34455,27,81.48,2026-04
LI-5002,2026-06-05,10633,18,30.49,2026-06
LI-5012,2026-05-29,19631,12,77.45,2026-05
LI-5105,2026-04-25,3888,4,6.82,2026-04
LI-5003,2026-05-11,13123,23,54.79,2026-05
LI-5001,2026-04-13,52650,99,166.32,2026-04
LI-5105,2026-05-20,7260,8,15.35,2026-05
LI-5012,2026-04-08,10404,15,26.14,2026-04
LI-5012,2026-05-01,24522,44,101.84,2026-05
LI-5007,2026-05-16,10387,16,38.75,2026-05
LI-5009,2026-04-26,28544,38,56.33,2026-04
LI-5005,2026-05-23,6250,2,16.71,2026-05
LI-5004,2026-04-21,37109,41,134.44,2026-04
LI-5006,2026-04-26,50884,92,105.97,2026-04
LI-5003,2026-06-24,18965,9,76.21,2026-06
LI-5013,2026-04-01,7244,11,20.16,2026-04
LI-5007,2026-05-24,13118,20,44.99,2026-05
LI-5005,2026-04-05,4982,2,12.66,2026-04
LI-5009,2026-04-07,30127,44,79.28,2026-04
LI-5011,2026-04-22,8126,13,16.31,2026-04
LI-5102,2026-04-07,7328,10,28.21,2026-04
LI-5011,2026-06-07,5590,2,19.65,2026-06
LI-5002,2026-05-21,11543,18,22.37,2026-05
LI-5102,2026-05-06,6605,11,19.81,2026-05
LI-5012,2026-06-12,19405,12,52.62,2026-06
LI-5002,2026-06-30,12665,13,51.77,2026-06
LI-5011,2026-04-19,9299,18,24.87,2026-04
LI-5012,2026-06-26,17218,18,37.94,2026-06
LI-5004,2026-04-27,25202,21,85.21,2026-04
LI-5006,2026-06-12,28470,30,71.94,2026-06
LI-5014,2026-06-21,16107,15,26.69,2026-06
LI-5013,2026-06-20,5543,2,16.02,2026-06
LI-5009,2026-04-29,24772,25,56.35,2026-04
LI-5015,2026-05-28,11842,15,37.48,2026-05
LI-5103,2026-04-23,3611,5,13.01,2026-04
LI-5101,2026-06-23,9982,6,30.72,2026-06
LI-5003,2026-06-27,19449,27,34.08,2026-06
LI-5106,2026-05-31,7189,3,16.28,2026-05
LI-5008,2026-04-25,6673,13,25.74,2026-04
LI-5101,2026-05-21,5955,3,12.42,2026-05
LI-5106,2026-04-10,6934,6,12.64,2026-04
LI-5015,2026-04-01,10330,15,31.31,2026-04
LI-5014,2026-06-13,9314,5,28.56,2026-06
LI-5104,2026-05-28,3706,6,13.98,2026-05
LI-5013,2026-04-04,6138,5,17.47,2026-04
LI-5002,2026-05-06,8667,3,32.56,2026-05
LI-5009,2026-06-05,25138,39,51.81,2026-06
LI-5001,2026-05-18,46899,49,84.1,2026-05
LI-5004,2026-06-29,21606,28,75.07,2026-06
LI-5009,2026-06-14,16710,18,68.56,2026-06
LI-5014,2026-04-05,5655,8,19.19,2026-04
LI-5009,2026-05-22,14206,25,51.09,2026-05
LI-5013,2026-06-29,3817,3,15.07,2026-06
LI-5106,2026-06-28,9828,14,18.5,2026-06
LI-5015,2026-06-12,11809,14,35.27,2026-06
LI-5011,2026-04-08,6681,9,12.94,2026-04
LI-5003,2026-05-19,17644,12,49.06,2026-05
LI-5101,2026-04-29,10343,4,22.47,2026-04
LI-5011,2026-06-25,4650,4,15.59,2026-06
LI-5002,2026-06-25,10139,4,41.78,2026-06
LI-5002,2026-05-13,7469,5,12.16,2026-05
LI-5014,2026-06-15,10653,11,27.66,2026-06
LI-5002,2026-05-16,11361,11,38.78,2026-05
LI-5011,2026-04-06,9836,17,23.45,2026-04
LI-5015,2026-04-07,12237,17,51.29,2026-04
LI-5014,2026-06-17,15856,23,33.94,2026-06
LI-5007,2026-06-12,10014,19,40.08,2026-06
LI-5101,2026-04-23,6574,9,20.47,2026-04
LI-5010,2026-05-14,35322,32,57.25,2026-05
LI-5005,2026-04-22,4083,4,16.2,2026-04
LI-5104,2026-06-19,2278,4,9.18,2026-06
LI-5004,2026-05-14,23888,18,64.58,2026-05
LI-5015,2026-06-24,10063,6,18.62,2026-06
LI-5015,2026-05-02,13710,28,46.03,2026-05
LI-5006,2026-04-12,44018,64,93.08,2026-04
LI-5007,2026-06-11,13137,17,52.17,2026-06
LI-5103,2026-05-15,4586,8,11.23,2026-05
LI-5104,2026-06-29,2680,3,6.72,2026-06
LI-5002,2026-06-15,12813,16,30.17,2026-06
LI-5007,2026-06-13,14332,10,54.98,2026-06
LI-5006,2026-06-29,77013,121,311.0,2026-06
LI-5106,2026-05-26,8105,16,18.07,2026-05
LI-5008,2026-05-02,7363,8,14.97,2026-05
LI-5004,2026-04-11,37181,30,110.08,2026-04
LI-5013,2026-04-25,5438,5,9.62,2026-04
LI-5013,2026-05-06,3499,3,14.14,2026-05
LI-5102,2026-04-08,7028,6,15.84,2026-04
LI-5103,2026-04-21,3948,5,7.64,2026-04
LI-5005,2026-05-02,7156,12,26.1,2026-05
LI-5012,2026-05-28,18884,12,50.51,2026-05
LI-5999,2026-04-07,20194,9,84.23,2026-04
LI-5011,2026-05-05,6495,5,16.6,2026-05
LI-5001,2026-06-11,50294,44,149.91,2026-06
LI-5001,2026-04-27,53078,25,136.74,2026-04
LI-5015,2026-05-30,7976,15,29.1,2026-05
LI-5103,2026-05-28,4519,3,18.89,2026-05
LI-5010,2026-06-15,27548,34,78.43,2026-06
LI-5009,2026-04-28,20893,16,59.62,2026-04
LI-5008,2026-04-28,10797,11,18.96,2026-04
LI-5011,2026-06-27,6756,10,17.63,2026-06
LI-5011,2026-05-25,8673,7,31.82,2026-05
LI-5015,2026-05-23,9994,17,39.49,2026-05
LI-5013,2026-04-12,4758,8,14.29,2026-04
LI-5007,2026-05-11,10879,20,18.28,2026-05
LI-5003,2026-05-06,16671,12,29.73,2026-05
LI-5007,2026-04-11,11744,23,21.04,2026-04
LI-5102,2026-06-22,7201,9,14.42,2026-06
LI-5003,2026-04-05,10803,7,34.64,2026-04
LI-5104,2026-04-21,3311,5,6.02,2026-04
LI-5007,2026-04-07,13506,27,53.06,2026-04
LI-5999,2026-04-14,34949,62,110.77,2026-04
LI-5011,2026-05-26,7747,8,29.72,2026-05
LI-5104,2026-05-21,3222,3,5.32,2026-05
LI-5101,2026-05-20,8430,16,28.27,2026-05
LI-5103,2026-05-03,3810,3,7.09,2026-05
LI-5005,2026-05-06,6995,5,18.86,2026-05
LI-5105,2026-04-03,6750,13,22.35,2026-04
LI-5009,2026-05-23,21306,44,39.68,2026-05
LI-5003,2026-04-27,10836,9,20.07,2026-04
LI-5007,2026-05-25,12296,24,23.78,2026-05
LI-5001,2026-04-05,45630,65,95.1,2026-04
LI-5101,2026-04-25,6949,13,23.3,2026-04
LI-5101,2026-06-01,9939,13,39.54,2026-06
LI-5007,2026-04-01,16648,31,31.86,2026-04
LI-5013,2026-04-14,-5283,4,11.44,2026-04
LI-5015,2026-06-06,13920,6,40.11,2026-06
LI-5007,2026-04-12,13747,26,22.24,2026-04
LI-5007,2026-06-09,11568,7,36.11,2026-06
LI-5016,2026-06-27,21155,15,82.53,2026-06
LI-5102,2026-06-02,7391,4,16.94,2026-06
LI-5103,2026-04-16,2858,1,5.28,2026-04
LI-5106,2026-05-24,7648,6,13.48,2026-05
LI-5106,2026-05-15,5775,4,15.98,2026-05
LI-5013,2026-05-28,5572,4,20.49,2026-05
LI-5005,2026-05-26,5993,6,18.26,2026-05
LI-5010,2026-04-10,40428,23,84.33,2026-04
LI-5001,2026-04-08,48886,72,153.9,2026-04
LI-5009,2026-05-16,31772,29,93.32,2026-05
LI-5106,2026-04-21,8466,9,25.61,2026-04
LI-5104,2026-06-09,2791,3,9.8,2026-06
LI-5009,2026-04-21,24586,43,48.73,2026-04
LI-5009,2026-06-23,21311,30,83.28,2026-06
LI-5015,2026-06-22,12075,12,32.4,2026-06
LI-5015,2026-06-21,10314,9,16.9,2026-06
LI-5006,2026-04-16,54543,55,152.93,2026-04
LI-5103,2026-06-05,4868,6,17.77,2026-06
LI-5015,2026-05-20,9370,14,22.09,2026-05
LI-5011,2026-05-19,7399,10,18.93,2026-05
LI-5008,2026-05-15,7818,10,17.83,2026-05
LI-5999,2026-04-20,25547,21,79.55,2026-04
LI-5999,2026-04-04,25382,11,50.94,2026-04
LI-5003,2026-06-04,12745,12,35.93,2026-06
LI-5103,2026-04-22,5017,7,15.83,2026-04
LI-5002,2026-04-28,10995,13,26.61,2026-04
LI-5010,2026-04-04,51951,49,155.65,2026-04
LI-5105,2026-04-20,6892,3,18.07,2026-04
LI-5008,2026-06-14,7613,6,18.61,2026-06
LI-5102,2026-05-20,6511,3,20.34,2026-05
LI-5106,2026-05-19,9405,19,27.5,2026-05
LI-5101,2026-06-02,8584,6,24.9,2026-06
LI-5015,2026-04-17,13712,15,39.7,2026-04
LI-5102,2026-04-16,6516,5,18.84,2026-04
LI-5004,2026-06-13,25843,43,100.54,2026-06
LI-5009,2026-05-25,26391,42,59.41,2026-05
LI-5105,2026-05-12,8193,9,23.44,2026-05
LI-5106,2026-04-08,9730,12,36.69,2026-04
LI-5009,2026-06-03,30732,51,66.06,2026-06
LI-5106,2026-06-12,7144,6,25.71,2026-06
LI-5011,2026-06-06,10083,16,31.33,2026-06
LI-5006,2026-05-03,63022,111,103.51,2026-05
LI-5001,2026-06-10,50904,41,87.61,2026-06
LI-5002,2026-04-18,-14191,16,52.44,2026-04
LI-5004,2026-06-15,30669,39,92.46,2026-06
LI-5012,2026-04-16,24449,17,78.53,2026-04
LI-5001,2026-05-17,47900,68,180.04,2026-05
LI-5003,2026-06-11,20392,42,66.68,2026-06
LI-5009,2026-06-28,27454,42,73.86,2026-06
LI-5009,2026-06-10,23128,30,94.27,2026-06
LI-5003,2026-05-01,20673,8,43.88,2026-05
LI-5011,2026-04-01,4462,5,7.32,2026-04
LI-5013,2026-04-06,5167,4,17.06,2026-04
LI-5006,2026-04-29,43984,91,177.81,2026-04
LI-5001,2026-06-27,54064,28,207.01,2026-06
LI-5015,2026-06-15,14874,21,45.21,2026-06
LI-5101,2026-04-16,5968,11,17.57,2026-04
LI-5101,2026-06-10,8440,14,29.36,2026-06
LI-5012,2026-06-08,20108,11,79.19,2026-06
LI-5101,2026-06-07,7899,3,16.53,2026-06
LI-5102,2026-05-31,9063,10,34.58,2026-05
LI-5012,2026-05-09,18661,33,56.27,2026-05
LI-5011,2026-06-18,6440,3,15.5,2026-06
LI-5009,2026-04-19,20749,42,54.2,2026-04
LI-5007,2026-06-05,10927,20,29.37,2026-06
LI-5003,2026-04-28,11611,21,31.31,2026-04
LI-5001,2026-05-21,51749,75,99.92,2026-05
LI-5008,2026-05-14,9355,9,36.66,2026-05
LI-5104,2026-04-26,3241,5,7.39,2026-04
LI-5106,2026-04-23,8817,6,23.97,2026-04
LI-5102,2026-06-02,7391,4,16.94,2026-06
LI-5006,2026-05-29,57957,75,128.77,2026-05
LI-5015,2026-04-18,11419,5,24.67,2026-04
LI-5103,2026-04-02,3013,5,6.45,2026-04
LI-5013,2026-06-10,4634,8,9.37,2026-06
LI-5012,2026-06-20,17706,36,47.4,2026-06
LI-5102,2026-04-23,7878,5,22.97,2026-04
LI-5014,2026-06-26,20322,17,43.45,2026-06
LI-5014,2026-04-09,11166,9,26.51,2026-04
LI-5010,2026-06-09,48086,83,78.96,2026-06
LI-5005,2026-06-09,3472,5,10.57,2026-06
LI-5013,2026-06-04,5076,4,12.83,2026-06
LI-5105,2026-06-11,7612,7,17.08,2026-06
LI-5012,2026-04-06,29654,47,78.0,2026-04
LI-5015,2026-05-15,8632,12,18.45,2026-05
LI-5101,2026-04-09,6005,10,16.71,2026-04
LI-5103,2026-06-22,3135,2,9.36,2026-06
LI-5103,2026-06-11,4913,4,17.81,2026-06
LI-5015,2026-06-30,9732,9,22.29,2026-06
LI-5011,2026-04-29,8007,15,19.66,2026-04
LI-5104,2026-06-07,3122,2,9.57,2026-06
LI-5011,2026-06-24,9687,4,26.38,2026-06
LI-5007,2026-04-29,12738,21,24.09,2026-04
LI-5014,2026-05-07,12641,5,37.74,2026-05
LI-5106,2026-06-18,10598,15,32.25,2026-06
LI-5011,2026-05-24,7823,4,17.64,2026-05
LI-5106,2026-04-29,11437,10,33.26,2026-04
LI-5006,2026-06-06,45391,25,166.14,2026-06
LI-5012,2026-05-03,15825,10,61.91,2026-05
LI-5101,2026-04-30,8515,12,18.37,2026-05
LI-5012,2026-04-09,26489,29,45.49,2026-04
LI-5101,2026-06-26,8184,11,17.21,2026-06
LI-5105,2026-04-26,6417,13,22.97,2026-04
LI-5015,2026-05-24,11266,20,38.57,2026-05
LI-5009,2026-04-08,25265,50,105.38,2026-04
LI-5012,2026-04-21,12197,14,50.3,2026-04
LI-5009,2026-05-30,14798,15,48.22,2026-05
LI-5009,2026-05-28,21200,22,54.28,2026-05
LI-5009,2026-05-26,17387,33,28.88,2026-05
LI-5105,2026-04-22,4137,1,12.91,2026-04
LI-5011,2026-05-08,6867,8,11.87,2026-05
LI-5014,2026-05-16,14001,15,36.9,2026-05
LI-5105,2026-05-23,6755,9,23.25,2026-05
LI-5105,2026-06-04,7740,7,29.59,2026-06
LI-5106,2026-05-27,9723,11,24.31,2026-05
LI-5106,2026-04-09,5546,10,18.8,2026-04
LI-5014,2026-05-23,15330,18,41.11,2026-05
LI-5004,2026-06-09,22621,23,47.66,2026-06
LI-5103,2026-05-25,5033,8,9.23,2026-05
LI-5009,2026-06-26,18300,10,69.13,2026-06
LI-5101,2026-04-12,9924,19,37.43,2026-04
LI-5104,2026-04-16,3461,2,10.85,2026-04
LI-5005,2026-06-07,5062,7,20.44,2026-06
LI-5013,2026-04-07,4401,3,13.02,2026-04
LI-5103,2026-06-27,5765,4,20.56,2026-06
LI-5101,2026-04-14,9896,20,29.82,2026-04
LI-5011,2026-05-18,8286,16,21.13,2026-05
LI-5016,2026-06-26,28585,54,80.49,2026-06
LI-5999,2026-04-13,35798,42,148.38,2026-04
LI-5101,2026-06-03,8750,10,31.42,2026-06
LI-5014,2026-06-25,17329,7,31.89,2026-06
LI-5015,2026-06-13,10422,11,38.16,2026-06
LI-5105,2026-06-27,5243,6,15.38,2026-06
LI-5101,2026-04-28,7563,10,24.52,2026-04
LI-5103,2026-04-06,3961,6,15.64,2026-04
LI-5007,2026-04-28,7878,10,24.77,2026-04
LI-5009,2026-05-09,11244,9,45.44,2026-05
LI-5005,2026-06-01,6927,8,26.64,2026-06
LI-5013,2026-04-05,5170,8,12.75,2026-04
LI-5011,2026-04-26,7620,14,13.1,2026-04
LI-5005,2026-06-14,8309,9,21.56,2026-06
LI-5106,2026-05-16,8398,5,24.04,2026-05
LI-5004,2026-05-13,24912,36,89.65,2026-05
LI-5002,2026-05-03,13415,18,32.24,2026-05
LI-5008,2026-06-23,5295,6,19.44,2026-06
LI-5013,2026-04-22,6519,9,23.0,2026-04
LI-5014,2026-04-21,13582,11,46.74,2026-04
LI-5103,2026-05-19,3457,4,10.91,2026-05
LI-5004,2026-04-14,34949,62,110.77,2026-04
LI-5005,2026-06-08,3432,5,14.0,2026-06
LI-5101,2026-05-12,7094,12,14.75,2026-05
LI-5005,2026-06-06,4748,9,9.47,2026-06
LI-5012,2026-04-14,11798,13,35.17,2026-04
LI-5101,2026-04-13,5152,2,11.55,2026-04
LI-5007,2026-05-06,12821,26,22.26,2026-05
LI-5008,2026-05-09,8361,8,14.75,2026-05
LI-5010,2026-06-29,50804,77,209.4,2026-06
LI-5016,2026-06-01,35527,63,141.49,2026-06
LI-5006,2026-06-08,47090,94,75.41,2026-06
LI-5102,2026-06-18,7848,12,12.62,2026-06
LI-5006,2026-06-25,40186,19,75.38,2026-06
LI-5009,2026-05-12,17055,27,35.09,2026-05
LI-5007,2026-04-14,9099,10,28.01,2026-04
LI-5010,2026-04-15,31757,14,79.08,2026-04
LI-5105,2026-06-29,6813,11,21.26,2026-06
LI-5008,2026-05-31,9771,12,25.64,2026-05
LI-5003,2026-04-08,11676,8,25.58,2026-04
LI-5010,2026-05-03,25185,32,61.01,2026-05
LI-5015,2026-06-01,5874,4,18.45,2026-06
LI-5013,2026-06-02,4178,6,10.7,2026-06
LI-5006,2026-06-16,44401,88,183.86,2026-06
LI-5014,2026-05-19,15119,28,45.08,2026-05
LI-5004,2026-06-01,24857,33,99.14,2026-06
LI-5102,2026-05-09,7320,4,23.11,2026-05
LI-5002,2026-05-04,7186,12,11.85,2026-05
LI-5015,2026-06-18,11804,20,25.67,2026-06
LI-5105,2026-06-02,8971,8,26.56,2026-06
LI-5004,2026-04-03,35190,14,78.72,2026-04
LI-5106,2026-06-20,7915,16,28.22,2026-06
LI-5006,2026-05-19,36481,47,108.17,2026-05
LI-5001,2026-06-12,51685,106,95.08,2026-06
LI-5013,2026-06-15,5366,10,12.55,2026-06
LI-5103,2026-05-04,3659,6,14.62,2026-05
LI-5003,2026-04-03,15114,27,59.57,2026-04
LI-5105,2026-06-06,7807,7,20.78,2026-06
LI-5001,2026-05-06,46354,33,135.5,2026-05
LI-5105,2026-05-16,5141,7,10.5,2026-05
LI-5010,2026-04-14,25506,21,53.07,2026-04
LI-5999,2026-04-18,30777,18,84.68,2026-04
LI-5002,2026-04-14,11280,7,44.61,2026-04
LI-5106,2026-06-15,6760,12,16.13,2026-06
LI-5005,2026-05-28,4340,2,7.78,2026-05
LI-5010,2026-04-24,23658,48,41.9,2026-04
LI-5104,2026-06-20,4039,2,11.14,2026-06
LI-5013,2026-04-15,6177,6,25.78,2026-04
LI-5011,2026-04-10,6643,5,24.06,2026-04
LI-5006,2026-04-04,62059,111,197.95,2026-04
LI-5104,2026-05-22,3226,6,8.18,2026-05
LI-5103,2026-05-21,3089,3,7.78,2026-05
LI-5005,2026-06-20,7398,3,30.83,2026-06
LI-5010,2026-05-01,38659,46,111.02,2026-05
LI-5102,2026-04-20,8567,17,22.38,2026-04
LI-5011,2026-06-30,5910,8,12.56,2026-06
LI-5003,2026-06-19,19761,26,57.71,2026-06
LI-5101,2026-05-18,8131,10,33.48,2026-05
LI-5105,2026-06-30,4971,8,9.65,2026-06
LI-5106,2026-05-08,5422,10,11.85,2026-05
LI-5011,2026-05-13,9589,8,27.41,2026-05
LI-5002,2026-06-21,8764,16,36.09,2026-06
LI-5103,2026-05-26,4326,5,8.02,2026-05
LI-5003,2026-05-24,13203,21,50.67,2026-05
LI-5005,2026-06-12,7048,6,16.29,2026-06
LI-5008,2026-04-13,9047,13,17.94,2026-04
LI-5101,2026-06-17,8830,17,14.99,2026-06
LI-5004,2026-04-10,29906,36,123.52,2026-04
LI-5010,2026-06-14,26710,13,54.57,2026-06
LI-5006,2026-05-11,55541,112,175.52,2026-05
LI-5013,2026-05-31,5168,2,12.36,2026-06
LI-5008,2026-04-24,9744,15,32.48,2026-04
LI-5004,2026-04-28,32889,44,103.22,2026-04
LI-5005,2026-06-17,6676,4,14.03,2026-06
LI-5011,2026-05-31,4915,8,17.94,2026-06
LI-5103,2026-04-18,4363,5,14.29,2026-04
LI-5015,2026-05-07,9764,4,15.85,2026-05
LI-5003,2026-04-16,20694,26,41.7,2026-04
LI-5105,2026-05-28,6021,10,21.28,2026-05
LI-5014,2026-04-16,14967,29,57.63,2026-04
LI-5008,2026-04-30,4839,6,11.26,2026-04
LI-5105,2026-04-08,5561,7,10.75,2026-04
LI-5101,2026-06-08,8718,10,33.08,2026-06
LI-5004,2026-06-02,43467,86,172.77,2026-06
LI-5006,2026-05-08,63724,87,156.98,2026-05
LI-5012,2026-05-11,24280,42,49.12,2026-05
LI-5008,2026-06-04,7341,13,30.24,2026-06
LI-5012,2026-04-22,17118,17,40.84,2026-04
LI-5011,2026-06-22,5841,10,11.22,2026-06
LI-5105,2026-06-03,6239,6,21.14,2026-06
LI-5010,2026-04-13,22492,12,50.71,2026-04
LI-5105,2026-06-22,7648,14,31.65,2026-06
LI-5008,2026-05-21,8930,12,23.83,2026-05
LI-5101,2026-05-22,3977,3,9.36,2026-05
LI-5103,2026-04-10,4547,8,10.22,2026-04
LI-5003,2026-06-16,14533,7,30.64,2026-06
LI-5006,2026-06-19,52126,100,109.9,2026-06
LI-5006,2026-06-18,49616,44,198.41,2026-06
LI-5006,2026-05-25,50851,71,90.59,2026-05
LI-5106,2026-06-29,10339,5,18.62,2026-06
LI-5004,2026-05-20,32840,33,60.83,2026-05
LI-5101,2026-05-29,6166,2,10.31,2026-05
LI-5013,2026-04-26,3968,7,7.83,2026-04
LI-5002,2026-05-28,8515,15,27.83,2026-05
LI-5105,2026-05-21,8134,3,25.71,2026-05
LI-5015,2026-04-25,11836,19,36.93,2026-04
LI-5015,2026-04-10,8820,4,27.57,2026-04
LI-5016,2026-06-08,12091,11,45.91,2026-06
LI-5106,2026-04-27,4956,4,18.89,2026-04
LI-5005,2026-04-29,5755,6,12.46,2026-04
LI-5007,2026-06-01,13880,27,57.27,2026-06
LI-5001,2026-05-11,43328,89,136.1,2026-05
LI-5014,2026-05-10,7979,4,17.28,2026-05
LI-5016,2026-06-22,25401,11,89.11,2026-06
LI-5002,2026-05-31,8140,16,24.39,2026-05
LI-5106,2026-04-12,9274,18,17.26,2026-04
LI-5007,2026-05-14,10894,17,35.08,2026-05
LI-5015,2026-05-21,4266,4,13.75,2026-05
LI-5012,2026-06-14,14445,25,60.54,2026-06
LI-5101,2026-04-18,9818,20,16.05,2026-04
LI-5103,2026-05-07,4360,6,17.09,2026-05
LI-5012,2026-04-13,21941,11,45.36,2026-04
LI-5106,2026-04-17,6949,7,29.12,2026-04
LI-5101,2026-04-26,5240,4,14.47,2026-04
LI-5106,2026-05-05,10449,20,40.3,2026-05
LI-5013,2026-05-11,7694,10,23.67,2026-05
LI-5103,2026-04-19,2479,2,6.34,2026-04
LI-5106,2026-05-20,9171,9,35.19,2026-05
LI-5010,2026-05-26,20909,31,45.72,2026-05
LI-5006,2026-05-17,45154,49,123.19,2026-05
LI-5004,2026-04-07,20194,9,84.23,2026-04
LI-5009,2026-04-04,27206,37,110.09,2026-04
LI-5003,2026-06-05,16656,6,42.05,2026-06
LI-5005,2026-06-28,5642,5,20.6,2026-06
LI-5106,2026-06-14,11075,8,39.87,2026-06
LI-5106,2026-05-11,11425,18,31.36,2026-05
LI-5010,2026-05-11,23776,32,40.6,2026-05
LI-5105,2026-05-01,4261,2,17.75,2026-05
LI-5001,2026-05-05,46609,57,157.23,2026-05
LI-5013,2026-06-01,6379,3,14.53,2026-06
LI-5104,2026-05-14,2923,3,8.97,2026-05
LI-5003,2026-04-21,10061,16,37.3,2026-04
LI-5008,2026-06-26,6026,5,14.87,2026-06
LI-5001,2026-06-24,35037,57,67.86,2026-06
LI-5014,2026-05-24,12219,17,45.24,2026-05
LI-5014,2026-06-24,13272,24,27.85,2026-06
LI-5015,2026-04-19,14401,21,25.53,2026-04
LI-5006,2026-05-20,49932,56,197.29,2026-05
LI-5015,2026-04-26,13890,24,40.61,2026-04
LI-5005,2026-04-23,7874,15,25.43,2026-04
LI-5101,2026-06-15,7231,3,12.45,2026-06
LI-5105,2026-06-26,5374,7,19.92,2026-06
LI-5010,2026-05-07,35506,56,134.78,2026-05
LI-5102,2026-06-25,5532,2,18.99,2026-06
LI-5101,2026-05-16,9655,17,21.78,2026-05
LI-5011,2026-04-03,8038,15,13.37,2026-04
LI-5008,2026-04-18,7507,7,16.22,2026-04
LI-5104,2026-04-23,3124,5,10.98,2026-04
LI-5104,2026-06-06,3427,3,13.93,2026-06
LI-5106,2026-06-19,10106,13,25.8,2026-06
LI-5007,2026-06-25,13963,20,41.18,2026-06
LI-5015,2026-05-04,12969,15,39.54,2026-05
LI-5104,2026-06-22,3508,2,8.65,2026-06
LI-5003,2026-06-25,15162,10,42.86,2026-06
LI-5103,2026-04-14,3942,4,13.45,2026-04
LI-5006,2026-05-05,45726,29,119.1,2026-05
LI-5012,2026-06-03,19427,27,77.82,2026-06
LI-5009,2026-04-05,18546,38,36.12,2026-04
LI-5003,2026-04-06,15376,30,29.78,2026-04
LI-5005,2026-06-02,8099,13,22.97,2026-06
LI-5106,2026-06-05,8732,5,34.15,2026-06
LI-5002,2026-05-25,8056,14,32.67,2026-05
LI-5999,2026-04-06,28820,55,102.19,2026-04
LI-5007,2026-05-27,10087,6,35.67,2026-05
LI-5015,2026-06-02,11469,19,32.46,2026-06
LI-5101,2026-06-20,9577,7,31.27,2026-06
LI-5006,2026-04-02,68759,39,177.52,2026-04
LI-5003,2026-04-22,14188,27,34.35,2026-04
LI-5106,2026-05-28,9114,16,34.3,2026-05
LI-5016,2026-06-19,24009,18,72.75,2026-06
LI-5001,2026-04-24,61293,54,108.72,2026-04
LI-5003,2026-04-26,11055,8,38.57,2026-04
LI-5007,2026-06-14,13981,27,30.12,2026-06
LI-5010,2026-04-07,36112,43,109.58,2026-04
LI-5016,2026-06-18,32939,54,122.11,2026-06
LI-5101,2026-05-03,4881,6,9.1,2026-05
LI-5001,2026-04-03,40840,75,85.51,2026-04
LI-5105,2026-05-31,5930,8,20.03,2026-06
LI-5102,2026-06-07,6810,7,15.84,2026-06
LI-5012,2026-04-05,15950,27,31.65,2026-04
LI-5004,2026-06-11,43140,56,162.84,2026-06
LI-5015,2026-04-02,10809,16,36.34,2026-04
LI-5002,2026-05-30,11534,22,47.86,2026-05
LI-5007,2026-06-30,5166,8,10.11,2026-06
LI-5013,2026-06-06,2765,3,8.31,2026-06
LI-5003,2026-04-18,16699,24,49.71,2026-04
LI-5104,2026-05-15,3906,3,6.42,2026-05
LI-5104,2026-04-25,2082,2,5.88,2026-04
LI-5103,2026-04-30,2963,5,9.95,2026-05
LI-5008,2026-05-03,10279,15,22.86,2026-05
LI-5012,2026-06-30,17073,17,59.41,2026-06
LI-5009,2026-04-25,26123,24,43.1,2026-04
LI-5104,2026-06-23,3879,4,10.97,2026-06
LI-5106,2026-05-21,7465,9,12.94,2026-05
LI-5002,2026-05-07,9280,7,18.25,2026-05
LI-5010,2026-05-13,28751,28,92.56,2026-05
LI-5005,2026-04-25,5833,10,16.68,2026-04
LI-5001,2026-05-03,43845,27,150.75,2026-05
LI-5013,2026-06-03,3371,4,10.86,2026-06
LI-5014,2026-05-02,14572,9,39.66,2026-05
LI-5010,2026-05-18,35648,18,81.68,2026-05
LI-5103,2026-05-30,4600,9,16.42,2026-05
LI-5103,2026-04-08,2602,3,5.11,2026-04
LI-5101,2026-04-17,6668,13,11.98,2026-04
LI-5006,2026-06-04,38194,29,135.25,2026-06
LI-5005,2026-06-22,8152,7,30.49,2026-06
LI-5007,2026-06-22,13622,16,40.93,2026-06
LI-5010,2026-04-22,35344,18,102.19,2026-04
LI-5014,2026-06-28,10253,11,22.04,2026-06
LI-5010,2026-05-04,29131,59,120.09,2026-05
LI-5008,2026-06-01,12253,9,35.33,2026-06
LI-5105,2026-04-09,8573,8,33.97,2026-04
LI-5010,2026-04-18,15505,17,44.52,2026-04
LI-5101,2026-04-21,9840,13,39.78,2026-04
LI-5105,2026-06-25,7053,13,17.84,2026-06
LI-5007,2026-04-20,13436,26,41.93,2026-04
LI-5002,2026-04-17,13328,20,28.2,2026-04
LI-5104,2026-05-07,3764,3,10.12,2026-05
LI-5015,2026-05-11,10791,14,31.68,2026-05
LI-5102,2026-05-16,8190,6,18.55,2026-05
LI-5015,2026-05-31,9966,19,20.5,2026-06
LI-5001,2026-04-22,42600,19,130.53,2026-04
LI-5101,2026-04-24,9689,6,27.19,2026-04
LI-5106,2026-06-13,8918,18,21.06,2026-06
LI-5012,2026-06-02,23802,13,81.07,2026-06
LI-5103,2026-05-10,5132,9,12.92,2026-05
LI-5104,2026-06-10,3901,3,15.2,2026-06
LI-5102,2026-04-26,8150,11,28.58,2026-04
LI-5010,2026-04-06,53898,78,112.62,2026-04
LI-5015,2026-05-22,13303,13,32.41,2026-05
LI-5002,2026-05-18,8556,14,22.44,2026-05
LI-5001,2026-06-01,58898,97,154.21,2026-06
LI-5005,2026-04-21,5949,6,23.35,2026-04
LI-5015,2026-06-17,13298,20,23.13,2026-06
LI-5102,2026-06-20,7049,4,13.36,2026-06
LI-5101,2026-06-24,10206,12,26.63,2026-06
LI-5106,2026-04-02,8970,10,20.62,2026-04
LI-5003,2026-04-17,14913,11,48.34,2026-04
LI-5008,2026-04-17,5930,4,13.99,2026-04
LI-5106,2026-06-04,9510,12,30.86,2026-06
LI-5010,2026-06-30,36862,44,143.7,2026-06
LI-5009,2026-06-08,26454,11,76.89,2026-06
LI-5005,2026-05-10,5434,3,19.17,2026-05
LI-5004,2026-06-10,35087,47,128.85,2026-06
LI-5013,2026-05-17,4432,2,10.9,2026-05
LI-5106,2026-06-11,8206,9,16.02,2026-06
LI-5001,2026-04-04,19029,33,53.98,2026-04
LI-5001,2026-04-07,40317,53,157.84,2026-04
LI-5011,2026-05-14,5995,4,21.27,2026-05
LI-5005,2026-04-20,4411,5,12.89,2026-04
LI-5004,2026-05-06,36019,18,65.73,2026-05
LI-5105,2026-05-27,10280,19,31.84,2026-05
LI-5011,2026-04-30,8125,10,26.82,2026-05
LI-5011,2026-06-21,6901,7,20.66,2026-06
LI-5005,2026-05-19,7870,10,22.95,2026-05
LI-5106,2026-04-13,4976,2,20.8,2026-04
LI-5013,2026-05-09,4521,4,9.38,2026-05
LI-5105,2026-06-24,7717,12,26.72,2026-06
LI-5002,2026-04-08,11905,16,33.94,2026-04
LI-5011,2026-05-27,5633,6,13.2,2026-05
LI-5007,2026-05-02,10699,17,37.19,2026-05
LI-5104,2026-04-07,2952,3,9.98,2026-04
LI-5004,2026-04-30,33939,24,76.27,2026-04
LI-5001,2026-05-08,59822,66,155.4,2026-05
LI-5016,2026-06-28,33595,13,108.61,2026-06
LI-5013,2026-06-11,5661,7,23.55,2026-06
LI-5004,2026-05-21,24934,47,44.98,2026-05
LI-5006,2026-05-30,24634,22,64.75,2026-05
LI-5014,2026-04-13,17044,34,56.43,2026-04
LI-5004,2026-04-25,43198,82,157.21,2026-04
LI-5106,2026-04-01,10721,19,30.96,2026-04
LI-5015,2026-05-01,12554,15,49.66,2026-05
LI-5101,2026-05-07,5942,2,21.83,2026-05
LI-5103,2026-04-13,5220,8,12.92,2026-04
LI-5102,2026-05-03,5992,7,20.06,2026-05
LI-5006,2026-05-31,61097,48,108.63,2026-05
LI-5001,2026-05-16,35037,40,56.93,2026-05
LI-5014,2026-05-31,17295,30,53.96,2026-05
LI-5008,2026-05-29,8011,6,26.98,2026-05
LI-5007,2026-04-30,13752,15,45.9,2026-05
LI-5103,2026-06-15,2783,5,4.95,2026-06
LI-5014,2026-05-11,17619,36,31.21,2026-05
LI-5001,2026-05-28,37235,58,97.16,2026-05
LI-5106,2026-04-19,6417,2,24.41,2026-04
LI-5106,2026-06-07,6226,4,17.94,2026-06
LI-5002,2026-06-08,7360,5,18.19,2026-06
LI-5013,2026-06-25,5879,12,13.69,2026-06
LI-5105,2026-04-01,8245,5,33.18,2026-04
LI-5103,2026-06-21,3942,2,7.72,2026-06
LI-5105,2026-05-29,7369,4,21.56,2026-05
LI-5103,2026-04-15,4488,7,12.59,2026-04
LI-5007,2026-05-01,6377,8,14.45,2026-05
LI-5007,2026-04-16,12370,8,25.56,2026-04
LI-5006,2026-04-23,46392,28,173.7,2026-04
LI-5011,2026-06-29,8444,14,17.17,2026-06
LI-5011,2026-06-03,7261,10,22.04,2026-06
LI-5012,2026-04-17,17822,27,51.71,2026-04
LI-5010,2026-04-03,39793,19,69.32,2026-04
LI-5009,2026-04-20,25544,40,77.13,2026-04
LI-5002,2026-04-05,10131,14,27.81,2026-04
LI-5015,2026-04-09,8945,8,28.28,2026-04
LI-5010,2026-04-20,30264,17,83.08,2026-04
LI-5007,2026-05-04,10942,20,34.67,2026-05
LI-5015,2026-05-17,13929,20,23.25,2026-05
LI-5002,2026-04-26,10646,9,22.96,2026-04
LI-5003,2026-06-17,20698,21,38.41,2026-06
LI-5106,2026-05-23,10813,17,44.9,2026-05
LI-5106,2026-05-09,8436,8,20.04,2026-05
LI-5103,2026-04-29,4031,4,15.32,2026-04
LI-5001,2026-04-09,49948,53,138.74,2026-04
LI-5003,2026-05-07,15035,8,25.52,2026-05
LI-5005,2026-04-03,6325,6,11.59,2026-04
LI-5003,2026-04-14,15318,19,41.9,2026-04
LI-5008,2026-06-02,8758,13,26.49,2026-06
LI-5104,2026-04-02,4097,2,10.31,2026-04
LI-5103,2026-04-04,3979,7,16.18,2026-04
LI-5106,2026-04-07,8317,15,16.03,2026-04
LI-5009,2026-04-06,26335,41,70.85,2026-04
LI-5005,2026-06-23,5771,11,11.32,2026-06
LI-5106,2026-04-06,8353,9,28.99,2026-04
LI-5101,2026-05-04,8006,11,18.27,2026-05
LI-5005,2026-04-27,8451,12,30.48,2026-04
LI-5004,2026-04-12,31305,62,108.91,2026-04
LI-5104,2026-05-19,2827,2,6.71,2026-05
LI-5003,2026-04-15,14140,14,37.82,2026-04
LI-5103,2026-06-13,4454,7,7.14,2026-06
LI-5014,2026-06-27,18248,27,38.91,2026-06
LI-5007,2026-06-02,13907,21,48.18,2026-06
LI-5013,2026-05-24,5683,9,15.01,2026-05
LI-5015,2026-06-26,13797,18,53.65,2026-06
LI-5015,2026-04-06,14261,11,45.22,2026-04
LI-5104,2026-06-14,3680,1,12.68,2026-06
LI-5002,2026-04-16,9458,18,23.17,2026-04
LI-5001,2026-06-15,55931,71,227.18,2026-06
LI-5102,2026-04-10,7656,8,25.86,2026-04
LI-5001,2026-04-12,40929,20,69.28,2026-04
LI-5104,2026-04-17,3673,6,9.52,2026-04
LI-5004,2026-06-27,39118,38,161.07,2026-06
LI-5006,2026-04-14,49716,68,169.65,2026-04
LI-5016,2026-06-04,30896,13,77.32,2026-06
LI-5001,2026-05-29,44287,54,79.9,2026-05
LI-5009,2026-04-12,13394,27,25.61,2026-04
LI-5002,2026-04-11,9711,19,22.0,2026-04
LI-5005,2026-04-13,8734,14,20.87,2026-04
LI-5009,2026-06-09,27180,29,66.21,2026-06
LI-5102,2026-05-08,5109,7,20.91,2026-05
LI-5101,2026-05-02,9278,8,37.95,2026-05
LI-5004,2026-06-25,28701,48,84.84,2026-06
LI-5106,2026-04-24,7820,9,19.74,2026-04
LI-5013,2026-05-02,6138,3,20.64,2026-05
LI-5007,2026-04-17,18436,30,30.88,2026-04
LI-5007,2026-05-08,13522,12,43.02,2026-05
LI-5102,2026-05-15,5754,3,19.33,2026-05
LI-5003,2026-06-12,20959,33,75.04,2026-06
LI-5012,2026-05-06,17204,9,28.82,2026-05
LI-5002,2026-06-14,13345,7,29.03,2026-06
LI-5105,2026-04-17,6742,10,16.65,2026-04
LI-5010,2026-06-12,28361,50,109.76,2026-06
LI-5102,2026-04-11,8228,11,27.64,2026-04
LI-5106,2026-05-03,7755,5,15.85,2026-05
LI-5011,2026-05-23,5828,9,10.13,2026-05
LI-5005,2026-06-13,5877,7,19.19,2026-06
LI-5010,2026-04-29,28456,31,90.98,2026-04
LI-5008,2026-04-20,6505,9,19.98,2026-04
LI-5015,2026-05-09,13686,13,29.58,2026-05
LI-5001,2026-06-02,37740,42,149.17,2026-06
LI-5009,2026-06-19,16497,11,41.72,2026-06
LI-5014,2026-06-11,8787,15,19.54,2026-06
LI-5008,2026-06-13,5746,7,12.73,2026-06
LI-5016,2026-06-21,34630,15,127.15,2026-06
LI-5104,2026-05-09,3310,5,5.91,2026-05
LI-5003,2026-05-09,16879,23,33.44,2026-05
LI-5002,2026-05-15,12804,9,29.55,2026-05
LI-5102,2026-06-08,7114,14,24.06,2026-06
LI-5101,2026-05-23,5610,10,19.19,2026-05
LI-5010,2026-06-23,27284,34,85.1,2026-06
LI-5001,2026-06-25,38830,79,96.62,2026-06
LI-5007,2026-05-17,9893,16,35.91,2026-05
LI-5008,2026-05-24,3875,4,15.36,2026-05
LI-5101,2026-04-20,8257,12,15.59,2026-04
LI-5102,2026-04-29,7649,9,22.32,2026-04
LI-5014,2026-05-25,14738,29,42.74,2026-05
LI-5012,2026-04-04,25981,36,72.8,2026-04
LI-5004,2026-04-05,28424,47,74.3,2026-04
LI-5104,2026-04-14,3363,1,8.15,2026-04
LI-5003,2026-05-17,17819,25,29.12,2026-05
LI-5015,2026-06-10,10162,4,24.82,2026-06
LI-5016,2026-06-20,20365,13,62.06,2026-06
LI-5010,2026-04-05,37505,35,84.97,2026-04
LI-5013,2026-05-03,5327,10,18.58,2026-05
LI-5009,2026-06-01,25556,49,62.26,2026-06
LI-5005,2026-06-24,6316,4,12.54,2026-06
LI-5001,2026-06-20,52626,27,126.76,2026-06
LI-5013,2026-06-12,8063,7,16.48,2026-06
LI-5008,2026-04-21,8466,15,35.02,2026-04
LI-5001,2026-06-05,37372,22,106.37,2026-06
LI-5015,2026-04-20,12492,25,43.12,2026-04
LI-5012,2026-04-24,21977,45,84.37,2026-04
LI-5013,2026-04-30,7302,4,25.25,2026-05
LI-5008,2026-05-25,7750,3,15.14,2026-05
LI-5102,2026-06-16,6417,9,15.45,2026-06
LI-5004,2026-05-01,30190,62,120.18,2026-05
LI-5003,2026-05-08,9358,12,27.5,2026-05
LI-5008,2026-04-10,6779,7,20.43,2026-04
LI-5006,2026-04-27,43274,57,77.82,2026-04
LI-5007,2026-04-22,10730,5,18.95,2026-04
LI-5007,2026-04-04,13139,11,30.36,2026-04
LI-5001,2026-04-02,42837,74,118.86,2026-04
LI-5009,2026-05-20,34689,60,121.83,2026-05
LI-5101,2026-06-12,6953,4,14.06,2026-06
LI-5008,2026-04-05,8270,14,24.4,2026-04
LI-5001,2026-05-30,49589,23,93.4,2026-05
LI-5009,2026-04-16,18898,33,71.45,2026-04
LI-5010,2026-05-16,18467,29,71.34,2026-05
LI-5003,2026-06-07,15740,12,63.84,2026-06
LI-5103,2026-05-16,6272,4,11.99,2026-05
LI-5002,2026-05-01,10020,4,38.77,2026-05
LI-5011,2026-04-15,7639,4,29.11,2026-04
LI-5003,2026-05-02,15512,24,61.58,2026-05
LI-5010,2026-04-27,30551,60,124.76,2026-04
LI-5101,2026-04-01,7908,10,23.61,2026-04
LI-5001,2026-04-29,43923,59,92.94,2026-04
LI-5007,2026-04-09,9872,6,32.94,2026-04
LI-5010,2026-05-22,37217,47,99.98,2026-05
LI-5102,2026-06-17,7015,7,27.85,2026-06
LI-5101,2026-05-13,9641,14,30.85,2026-05
LI-5012,2026-06-04,22095,41,41.2,2026-06
LI-5014,2026-04-08,15066,12,52.67,2026-04
LI-5013,2026-05-20,6953,8,22.03,2026-05
LI-5005,2026-05-12,4872,2,15.04,2026-05
LI-5101,2026-04-07,7764,14,29.3,2026-04
LI-5016,2026-06-23,21349,36,66.48,2026-06
LI-5106,2026-05-22,6860,10,19.23,2026-05
LI-5007,2026-06-28,15356,11,28.7,2026-06
LI-5105,2026-05-07,6445,4,15.45,2026-05
LI-5015,2026-05-18,9685,7,16.02,2026-05
LI-5105,2026-04-27,6572,6,22.74,2026-04
LI-5010,2026-04-16,39318,50,98.56,2026-04
LI-5105,2026-06-20,7647,4,15.63,2026-06
LI-5002,2026-06-02,7730,15,29.57,2026-06
LI-5106,2026-04-15,7081,8,28.02,2026-04
LI-5016,2026-06-05,31014,17,110.05,2026-06
LI-5004,2026-06-04,41095,37,99.69,2026-06
LI-5005,2026-05-30,7171,11,25.39,2026-05
LI-5103,2026-05-13,6045,5,21.13,2026-05
LI-5013,2026-06-28,6444,11,23.68,2026-06
LI-5102,2026-06-03,5991,7,15.18,2026-06
LI-5015,2026-06-04,10332,17,25.09,2026-06
LI-5103,2026-06-20,3650,3,12.25,2026-06
LI-5016,2026-06-29,29120,47,59.68,2026-06
LI-5009,2026-05-02,24850,13,51.55,2026-05
LI-5008,2026-06-21,7052,13,27.23,2026-06
LI-5006,2026-04-15,51869,49,208.28,2026-04
LI-5015,2026-04-04,12030,23,46.96,2026-04
LI-5012,2026-04-02,15672,16,57.79,2026-04
LI-5106,2026-05-07,5222,10,11.6,2026-05
LI-5102,2026-06-10,7095,13,12.84,2026-06
LI-5102,2026-06-15,4889,3,9.71,2026-06
LI-5002,2026-04-03,7532,14,26.31,2026-04
LI-5105,2026-06-21,6522,7,17.68,2026-06
LI-5009,2026-06-17,27004,23,90.75,2026-06
LI-5006,2026-05-10,50249,77,99.31,2026-05
LI-5009,2026-05-07,19730,9,59.81,2026-05
LI-5103,2026-04-11,5131,6,12.44,2026-04
LI-5102,2026-06-13,7518,15,20.71,2026-06
LI-5008,2026-05-27,9403,9,38.93,2026-05
LI-5009,2026-04-30,36160,17,63.91,2026-05
LI-5010,2026-05-09,40275,30,86.39,2026-05
LI-5009,2026-05-05,23671,28,63.39,2026-05
LI-5101,2026-05-25,8152,11,21.16,2026-05
LI-5104,2026-06-15,3509,5,6.17,2026-06
LI-5102,2026-05-19,10300,15,29.23,2026-05
LI-5001,2026-05-25,49688,39,158.36,2026-05
LI-5012,2026-04-01,25909,46,85.33,2026-04
LI-5013,2026-06-02,4178,6,10.7,2026-06
LI-5011,2026-04-27,8935,9,16.12,2026-04
LI-5103,2026-06-19,6246,4,17.5,2026-06
LI-5007,2026-04-23,11472,19,45.49,2026-04
LI-5004,2026-06-05,29598,31,119.28,2026-06
LI-5010,2026-04-23,27244,13,105.21,2026-04
LI-5008,2026-06-25,5491,4,19.0,2026-06
LI-5104,2026-04-09,1994,2,3.94,2026-04
LI-5003,2026-06-02,12250,20,32.52,2026-06
LI-5103,2026-06-10,5586,6,17.13,2026-06
LI-5007,2026-05-05,13642,11,29.01,2026-05
LI-5016,2026-06-24,26548,21,47.08,2026-06
LI-5106,2026-05-07,5222,10,11.6,2026-05
LI-5105,2026-04-12,6093,10,11.91,2026-04
LI-5004,2026-06-21,23863,46,43.44,2026-06
LI-5015,2026-05-12,17642,23,46.47,2026-05
LI-5010,2026-06-07,36116,20,119.52,2026-06
LI-5004,2026-04-13,35798,42,148.38,2026-04
LI-5010,2026-05-23,33838,41,64.48,2026-05
LI-5012,2026-05-22,17713,34,62.55,2026-05
LI-5106,2026-05-25,6005,7,18.37,2026-05
LI-5012,2026-05-27,17478,35,58.17,2026-05
LI-5004,2026-05-10,30336,29,107.28,2026-05
LI-5004,2026-04-23,26847,54,94.21,2026-04
LI-5001,2026-04-14,51358,88,125.74,2026-04
LI-5103,2026-05-05,5244,4,13.55,2026-05
LI-5012,2026-06-29,23688,19,40.85,2026-06
LI-5011,2026-05-16,8018,8,32.97,2026-05
LI-5013,2026-04-16,7702,7,19.46,2026-04
LI-5012,2026-05-14,18146,16,49.18,2026-05
LI-5012,2026-06-13,16764,29,53.36,2026-06
LI-5008,2026-04-27,9279,5,25.16,2026-04
LI-5101,2026-06-22,7923,10,20.41,2026-06
LI-5007,2026-05-15,11403,5,30.86,2026-05
LI-5008,2026-05-06,8866,12,30.35,2026-05
LI-5005,2026-06-25,6643,10,18.97,2026-06
LI-5002,2026-05-11,9884,20,33.4,2026-05
LI-5014,2026-06-09,10350,21,29.97,2026-06
LI-5008,2026-05-22,4010,4,9.3,2026-05
LI-5007,2026-06-19,11652,16,41.66,2026-06
LI-5011,2026-06-15,6499,3,12.36,2026-06
LI-5014,2026-06-30,12563,18,23.01,2026-06
LI-5105,2026-05-19,6848,6,19.71,2026-05
LI-5008,2026-04-08,7538,4,23.73,2026-04
LI-5006,2026-06-11,66369,127,246.9,2026-06
LI-5006,2026-05-14,48954,82,174.01,2026-05
LI-5104,2026-06-13,3406,5,7.89,2026-06
LI-5013,2026-06-21,6889,5,21.31,2026-06
LI-5002,2026-05-07,9280,7,18.25,2026-05
LI-5010,2026-05-15,33204,17,70.87,2026-05
LI-5015,2026-04-23,11407,17,30.34,2026-04
LI-5003,2026-06-08,16128,24,39.97,2026-06
LI-5007,2026-05-20,17416,18,39.1,2026-05
LI-5004,2026-04-15,32200,19,103.78,2026-04
LI-5002,2026-06-11,9813,15,37.13,2026-06
LI-5013,2026-06-24,6190,7,20.23,2026-06
LI-5103,2026-05-24,4164,5,8.03,2026-05
LI-5005,2026-06-19,4951,7,9.21,2026-06
LI-5002,2026-04-07,6901,11,11.58,2026-04
LI-5004,2026-06-19,41078,71,74.7,2026-06
LI-5005,2026-06-04,3685,6,14.1,2026-06
LI-5015,2026-06-28,17602,20,61.02,2026-06
LI-5011,2026-05-10,7278,9,22.01,2026-05
LI-5008,2026-05-07,7455,9,25.5,2026-05
LI-5006,2026-05-22,47648,77,187.75,2026-05
LI-5008,2026-04-19,7540,3,12.54,2026-04
LI-5007,2026-05-26,14847,25,46.95,2026-05
LI-5012,2026-06-22,25975,37,98.74,2026-06
LI-5004,2026-05-28,14333,22,33.48,2026-05
LI-5014,2026-05-15,16447,32,41.89,2026-05
LI-5010,2026-06-01,16424,25,26.82,2026-06
LI-5004,2026-06-03,30795,35,113.57,2026-06
LI-5008,2026-06-02,8758,13,26.49,2026-06
LI-5011,2026-06-19,8311,16,25.4,2026-06
LI-5004,2026-05-24,38524,34,139.31,2026-05
LI-5012,2026-04-11,19113,15,42.67,2026-04
LI-5012,2026-05-21,21237,28,65.72,2026-05
LI-5001,2026-06-28,37031,74,62.16,2026-06
LI-5016,2026-06-17,19590,16,41.39,2026-06
LI-5105,2026-05-30,4910,4,8.44,2026-05
LI-5002,2026-04-21,5367,5,10.49,2026-04
LI-5007,2026-06-15,13984,14,24.17,2026-06
LI-5004,2026-06-16,22346,30,91.9,2026-06
LI-5102,2026-05-24,7131,13,18.32,2026-05
LI-5005,2026-06-30,3248,4,7.4,2026-06
LI-5102,2026-05-02,3535,2,9.91,2026-05
LI-5004,2026-05-03,38077,19,87.75,2026-05
LI-5016,2026-06-30,36939,51,82.44,2026-06
LI-5015,2026-05-14,10122,14,38.15,2026-05
LI-5005,2026-05-13,7241,5,15.43,2026-05
LI-5105,2026-04-23,4309,6,16.47,2026-04
LI-5001,2026-06-09,41369,21,110.44,2026-06
LI-5006,2026-06-14,58250,26,229.28,2026-06
LI-5003,2026-04-20,21271,39,46.9,2026-04
LI-5102,2026-04-02,3228,6,6.07,2026-04
LI-5104,2026-04-19,1938,0,6.96,2026-04
LI-5101,2026-04-06,3852,3,8.08,2026-04
LI-5103,2026-04-24,4426,6,17.17,2026-04
LI-5004,2026-05-29,23640,15,59.82,2026-05
LI-5012,2026-05-05,21763,29,49.68,2026-05
LI-5001,2026-05-31,29849,37,67.56,2026-06
LI-5014,2026-05-20,12708,9,50.73,2026-05
LI-5006,2026-06-09,55168,44,131.19,2026-06
LI-5103,2026-06-28,1750,3,7.06,2026-06
LI-5006,2026-05-04,47985,35,135.17,2026-05
LI-5011,2026-04-17,8457,10,22.47,2026-04
LI-5011,2026-04-07,7930,10,15.26,2026-04
LI-5012,2026-05-04,26659,40,62.51,2026-05
LI-5013,2026-06-19,4521,5,11.69,2026-06
LI-5012,2026-06-23,18240,31,61.0,2026-06
LI-5003,2026-05-23,12131,23,44.7,2026-05
LI-5006,2026-04-17,53843,32,222.44,2026-04
LI-5004,2026-05-11,18972,34,34.02,2026-05
LI-5015,2026-06-11,12532,17,44.87,2026-06
LI-5103,2026-06-17,4031,5,13.44,2026-06
LI-5106,2026-06-03,5708,6,15.07,2026-06
LI-5004,2026-05-25,34164,18,73.61,2026-05
LI-5009,2026-06-24,28207,52,91.23,2026-06
LI-5007,2026-04-19,10977,21,35.31,2026-04
LI-5105,2026-05-07,6445,4,15.45,2026-05
LI-5009,2026-04-10,16559,9,28.32,2026-04
LI-5006,2026-04-25,49911,40,154.29,2026-04
LI-5015,2026-04-29,8447,8,33.77,2026-04
LI-5014,2026-06-20,14205,28,46.29,2026-06
LI-5009,2026-04-01,19211,11,49.57,2026-04
LI-5006,2026-06-02,61527,94,237.06,2026-06
LI-5002,2026-05-12,11171,8,31.67,2026-05
LI-5007,2026-04-05,17248,30,51.11,2026-04
LI-5105,2026-04-19,9223,18,32.6,2026-04
LI-5014,2026-04-11,9791,11,33.85,2026-04
LI-5007,2026-05-31,11794,15,33.34,2026-06
LI-5009,2026-06-18,19501,39,47.54,2026-06
LI-5004,2026-04-26,23850,34,60.43,2026-04
LI-5101,2026-06-14,6246,11,16.18,2026-06
LI-5006,2026-06-30,49256,56,88.93,2026-06
LI-5105,2026-05-14,7592,13,21.26,2026-05
LI-5013,2026-05-07,5682,2,11.82,2026-05
LI-5008,2026-05-30,8237,6,13.2,2026-05
LI-5101,2026-05-17,9472,15,19.72,2026-05
LI-5004,2026-06-14,33703,29,55.87,2026-06
LI-5012,2026-04-27,16995,11,71.2,2026-04
LI-5101,2026-06-18,7453,4,17.48,2026-06
LI-5101,2026-04-04,5901,5,9.93,2026-04
LI-5010,2026-06-27,24119,48,82.23,2026-06
LI-5014,2026-04-07,15005,23,29.0,2026-04
LI-5105,2026-04-07,10332,9,40.88,2026-04
LI-5106,2026-05-02,5948,10,22.67,2026-05
LI-5104,2026-04-29,4450,8,9.1,2026-04
LI-5015,2026-06-09,16054,24,64.97,2026-06
LI-5014,2026-04-18,12913,10,30.33,2026-04
LI-5003,2026-05-13,16665,8,67.89,2026-05
LI-5010,2026-06-25,40617,51,75.12,2026-06
LI-5008,2026-04-07,9199,7,15.69,2026-04
LI-5008,2026-06-12,9773,8,34.67,2026-06
LI-5008,2026-04-29,8906,9,21.85,2026-04
LI-5105,2026-05-24,7852,10,31.29,2026-05
LI-5999,2026-04-10,29906,36,123.52,2026-04
LI-5106,2026-04-25,7985,11,23.46,2026-04
LI-5008,2026-06-11,5732,7,14.68,2026-06
LI-5010,2026-05-08,34404,69,113.93,2026-05
LI-5014,2026-06-03,18240,9,32.06,2026-06
LI-5104,2026-05-30,3561,5,9.97,2026-05
LI-5014,2026-05-13,16796,8,59.91,2026-05
LI-5014,2026-05-08,12931,17,30.87,2026-05
LI-5999,2026-04-08,33747,67,60.44,2026-04
LI-5102,2026-06-19,7175,4,14.13,2026-06
LI-5014,2026-06-08,11123,16,42.91,2026-06
LI-5104,2026-05-13,3398,3,10.26,2026-05
LI-5013,2026-05-25,6449,3,13.05,2026-05
LI-5002,2026-06-27,7163,12,21.94,2026-06
LI-5011,2026-06-10,6208,3,22.55,2026-06
LI-5003,2026-05-21,17709,12,35.94,2026-05
LI-5102,2026-04-12,6152,8,23.93,2026-04
LI-5015,2026-04-13,11921,11,32.3,2026-04
LI-5009,2026-05-19,27774,36,102.94,2026-05
LI-5006,2026-05-16,63896,116,244.28,2026-05
LI-5005,2026-04-02,6346,6,10.22,2026-04
LI-5102,2026-04-21,7349,6,24.52,2026-04
LI-5012,2026-06-18,16070,31,30.27,2026-06
LI-5104,2026-05-04,2549,1,10.03,2026-05
LI-5999,2026-04-09,26441,51,71.83,2026-04
LI-5010,2026-05-10,39285,66,80.37,2026-05
LI-5009,2026-04-15,29453,30,70.8,2026-04
LI-5014,2026-06-02,9751,17,16.65,2026-06
LI-5004,2026-06-28,37798,58,108.99,2026-06
LI-5015,2026-05-27,11720,14,29.7,2026-05
LI-5004,2026-06-18,32346,16,97.74,2026-06
LI-5009,2026-06-22,30279,45,65.16,2026-06
LI-5106,2026-05-17,9314,19,17.93,2026-05
LI-5106,2026-04-03,6996,10,11.27,2026-04
LI-5009,2026-04-03,28556,20,46.71,2026-04
LI-5010,2026-04-02,37643,43,88.04,2026-04
LI-5016,2026-06-14,26878,19,57.0,2026-06
LI-5006,2026-06-27,72310,139,279.18,2026-06
LI-5105,2026-06-08,6270,10,23.12,2026-06
LI-5006,2026-06-10,55944,53,98.62,2026-06
LI-5013,2026-06-05,6075,11,18.9,2026-06
LI-5101,2026-06-19,7841,5,14.83,2026-06
LI-5008,2026-04-14,5286,3,12.31,2026-04
LI-5104,2026-04-27,3384,6,13.51,2026-04
LI-5106,2026-04-11,6580,7,14.03,2026-04
LI-5011,2026-05-22,7722,9,22.72,2026-05
LI-5106,2026-04-28,4385,7,9.33,2026-04
LI-5004,2026-06-08,36196,36,95.14,2026-06
LI-5006,2026-06-05,44812,61,176.96,2026-06
LI-5008,2026-06-09,9082,16,18.3,2026-06
LI-5102,2026-04-05,5457,11,10.14,2026-04
LI-5004,2026-05-15,33157,27,122.87,2026-05
LI-5104,2026-06-04,3588,5,14.21,2026-06
LI-5102,2026-06-24,7043,14,16.42,2026-06
LI-5005,2026-05-07,7909,14,21.2,2026-05
LI-5002,2026-06-17,9709,12,36.83,2026-06
LI-5007,2026-05-19,13660,20,39.99,2026-05
LI-5006,2026-05-21,62417,58,108.74,2026-05
LI-5011,2026-06-13,6351,7,12.11,2026-06
LI-5103,2026-05-02,5142,7,11.59,2026-05
LI-5011,2026-05-02,-9408,12,27.31,2026-05
LI-5013,2026-04-23,6959,8,25.94,2026-04
LI-5009,2026-05-18,16634,33,27.09,2026-05
LI-5004,2026-05-17,43208,89,105.69,2026-05
LI-5104,2026-06-02,4180,7,7.25,2026-06
LI-5102,2026-05-01,6667,13,24.56,2026-05
LI-5004,2026-06-22,28592,42,56.44,2026-06
LI-5008,2026-06-18,11059,17,20.94,2026-06
LI-5013,2026-05-22,6805,4,27.59,2026-05
LI-5102,2026-04-13,5040,9,11.7,2026-04
LI-5105,2026-05-03,2701,1,11.12,2026-05
LI-5008,2026-05-13,8068,6,13.4,2026-05
LI-5014,2026-05-05,14576,24,27.23,2026-05
LI-5105,2026-05-25,8611,4,26.54,2026-05
LI-5101,2026-06-25,8749,10,14.9,2026-06
LI-5104,2026-05-24,2001,0,3.73,2026-05
LI-5101,2026-04-08,7561,11,25.7,2026-04
LI-5102,2026-05-21,6317,11,12.74,2026-05
LI-5008,2026-04-01,10479,17,41.48,2026-04
LI-5106,2026-05-18,4710,8,10.27,2026-05
LI-5003,2026-04-12,9694,5,28.38,2026-04
LI-5014,2026-05-17,11500,11,47.06,2026-05
LI-5105,2026-04-29,6367,4,17.51,2026-04
LI-5101,2026-05-11,8434,7,19.18,2026-05
LI-5101,2026-04-19,8288,5,21.65,2026-04
LI-5006,2026-06-26,61445,100,148.31,2026-06
LI-5006,2026-06-22,38272,72,160.29,2026-06
LI-5999,2026-04-11,37181,30,110.08,2026-04
LI-5999,2026-04-12,31305,62,108.91,2026-04
LI-5001,2026-04-19,45401,60,182.62,2026-04
LI-5008,2026-04-09,10772,4,25.98,2026-04
LI-5005,2026-06-10,5293,2,11.07,2026-06
LI-5010,2026-04-25,41438,82,153.75,2026-04
LI-5005,2026-06-21,7843,8,28.27,2026-06
LI-5102,2026-06-21,5651,10,19.82,2026-06
LI-5013,2026-04-18,4892,5,9.55,2026-04
LI-5005,2026-06-15,3785,2,12.17,2026-06
LI-5008,2026-06-27,10378,17,39.34,2026-06
LI-5012,2026-05-18,25569,19,83.46,2026-05
LI-5009,2026-06-04,27533,45,83.16,2026-06
LI-5013,2026-05-29,5846,7,19.28,2026-05
LI-5009,2026-05-29,14764,22,54.74,2026-05
LI-5010,2026-04-08,32565,15,134.08,2026-04
LI-5105,2026-04-06,7057,9,19.45,2026-04
LI-5015,2026-04-12,9705,10,36.72,2026-04
LI-5015,2026-05-13,9487,10,34.62,2026-05
LI-5104,2026-05-10,2980,2,10.43,2026-05
LI-5004,2026-05-07,40295,62,122.16,2026-05
LI-5006,2026-05-02,53028,55,166.45,2026-05
LI-5105,2026-04-13,6617,5,26.95,2026-04
LI-5010,2026-05-29,33819,50,86.39,2026-05
LI-5008,2026-05-26,7501,9,18.02,2026-05
LI-5006,2026-05-06,55742,76,114.36,2026-05
LI-5007,2026-04-13,15637,21,46.86,2026-04
LI-5001,2026-05-19,28776,21,93.67,2026-05
LI-5105,2026-05-13,6558,3,26.2,2026-05
LI-5007,2026-06-06,13892,7,30.43,2026-06
LI-5015,2026-06-19,11970,5,26.92,2026-06
LI-5016,2026-06-10,19083,14,50.98,2026-06
LI-5007,2026-04-15,10415,7,43.43,2026-04
LI-5105,2026-06-19,9620,15,15.96,2026-06
LI-5016,2026-06-16,26166,42,80.08,2026-06
LI-5010,2026-05-24,34827,21,135.12,2026-05
LI-5012,2026-05-31,26227,51,78.95,2026-05
LI-5001,2026-05-01,43658,40,71.57,2026-05
LI-5106,2026-04-14,8493,14,24.36,2026-04
LI-5105,2026-04-10,8219,13,33.57,2026-04
LI-5007,2026-04-08,9571,6,20.94,2026-04
LI-5009,2026-05-06,17530,31,46.09,2026-05
LI-5102,2026-06-06,8715,4,27.73,2026-06
LI-5104,2026-05-03,3699,6,12.47,2026-05
LI-5014,2026-05-27,12930,14,21.1,2026-05
LI-5009,2026-05-17,16814,7,36.09,2026-05
LI-5013,2026-04-17,7462,14,31.16,2026-04
LI-5002,2026-05-09,10356,12,33.53,2026-05
LI-5007,2026-06-29,8193,4,28.62,2026-06
LI-5007,2026-04-10,13448,15,24.18,2026-04
LI-5010,2026-04-30,22996,10,77.56,2026-05
LI-5014,2026-04-20,15013,21,54.27,2026-04
LI-5006,2026-04-01,58922,57,193.96,2026-04
LI-5002,2026-06-12,8090,12,32.84,2026-06
LI-5106,2026-06-08,7709,12,29.0,2026-06
LI-5103,2026-05-01,2576,4,6.71,2026-05
LI-5013,2026-05-26,6602,4,23.2,2026-05
LI-5013,2026-06-23,6171,3,17.86,2026-06
LI-5001,2026-05-13,43980,31,184.24,2026-05
LI-5014,2026-04-15,13241,20,34.95,2026-04
LI-5010,2026-06-06,23038,43,82.92,2026-06
LI-5106,2026-05-10,9432,5,17.53,2026-05
LI-5103,2026-06-09,3708,3,10.17,2026-06
LI-5004,2026-04-09,26441,51,71.83,2026-04
LI-5011,2026-04-24,5542,3,13.2,2026-04
LI-5105,2026-04-15,8833,5,14.99,2026-04
LI-5011,2026-05-20,9774,8,31.12,2026-05
LI-5999,2026-04-02,39868,64,94.48,2026-04
LI-5012,2026-04-28,27846,28,68.04,2026-04
LI-5014,2026-04-19,4818,5,10.89,2026-04
LI-5002,2026-06-19,8767,9,33.29,2026-06
LI-5106,2026-06-16,8744,11,36.45,2026-06
LI-5016,2026-06-06,30210,19,53.56,2026-06
LI-5012,2026-06-06,25588,40,42.91,2026-06
LI-5011,2026-06-26,8072,15,23.27,2026-06
LI-5999,2026-04-19,43428,66,120.92,2026-04
LI-5003,2026-05-27,19027,39,70.26,2026-05
LI-5005,2026-05-08,7157,12,14.14,2026-05
LI-5007,2026-05-21,14364,17,47.59,2026-05
LI-5008,2026-05-01,6941,4,18.37,2026-05
LI-5006,2026-05-28,33774,16,115.06,2026-05
LI-5014,2026-04-30,8306,17,18.27,2026-04
LI-5005,2026-04-16,7029,3,20.04,2026-04
LI-5011,2026-04-14,8586,10,32.73,2026-04
LI-5106,2026-05-13,5426,9,12.42,2026-05
LI-5002,2026-06-04,11236,12,34.05,2026-06
LI-5102,2026-05-04,8851,7,27.09,2026-05
LI-5010,2026-06-11,29110,46,121.5,2026-06
LI-5012,2026-05-08,24443,16,63.87,2026-05
LI-5105,2026-04-28,5474,5,22.18,2026-04
LI-5011,2026-04-16,8212,5,33.86,2026-04
LI-5015,2026-05-16,7754,3,30.76,2026-05
LI-5102,2026-04-14,5560,4,15.88,2026-04
LI-5006,2026-06-15,58284,53,168.78,2026-06
LI-5103,2026-05-08,2865,1,6.48,2026-05
LI-5009,2026-05-08,15662,23,50.43,2026-05
LI-5101,2026-04-15,4517,5,10.87,2026-04
LI-5012,2026-04-03,22480,35,62.43,2026-04
LI-5011,2026-05-11,7633,8,16.63,2026-05
LI-5101,2026-04-03,6310,4,10.46,2026-04
LI-5105,2026-05-05,4705,2,17.38,2026-05
LI-5102,2026-05-25,4900,7,12.57,2026-05
LI-5015,2026-05-07,9764,4,15.85,2026-05
LI-5102,2026-05-14,6116,6,24.63,2026-05
LI-5011,2026-06-12,6081,6,16.81,2026-06
LI-5009,2026-06-25,31852,40,97.98,2026-06
LI-5012,2026-05-30,23327,47,96.44,2026-05
LI-5008,2026-05-18,7867,15,20.0,2026-05
LI-5009,2026-06-12,21949,20,78.15,2026-06
LI-5014,2026-06-23,17263,23,60.8,2026-06
LI-5005,2026-05-16,5605,8,16.66,2026-05
LI-5011,2026-06-23,4713,8,13.33,2026-06
LI-5003,2026-05-26,13239,18,38.54,2026-05
LI-5004,2026-04-24,13352,10,25.32,2026-04
LI-5003,2026-04-19,20912,38,66.72,2026-04
LI-5005,2026-04-12,7343,13,20.75,2026-04
LI-5015,2026-05-26,11030,19,25.72,2026-05
LI-5002,2026-04-09,10474,8,35.78,2026-04
LI-5008,2026-05-20,7600,13,24.56,2026-05
LI-5008,2026-04-11,10400,6,35.75,2026-04
LI-5002,2026-04-19,9482,18,36.87,2026-04
LI-5002,2026-06-28,9858,12,33.48,2026-06
LI-5007,2026-06-16,16422,18,36.8,2026-06
LI-5101,2026-05-24,-6840,14,22.85,2026-05
LI-5007,2026-06-24,10146,8,41.26,2026-06
LI-5101,2026-06-21,5325,3,10.85,2026-06
LI-5999,2026-04-16,32321,37,68.83,2026-04
LI-5106,2026-06-23,7807,9,28.64,2026-06
LI-5002,2026-06-07,7095,3,26.11,2026-06
LI-5106,2026-05-12,11630,7,36.03,2026-05
LI-5002,2026-05-14,9004,10,31.13,2026-05
LI-5006,2026-05-01,59906,92,210.75,2026-05
LI-5010,2026-06-08,26350,30,56.49,2026-06
LI-5001,2026-05-23,56653,35,147.52,2026-05
LI-5015,2026-06-14,15714,17,62.28,2026-06
LI-5101,2026-04-02,4108,7,16.11,2026-04
LI-5004,2026-05-27,29877,27,104.12,2026-05
LI-5011,2026-05-29,6726,13,25.3,2026-05
LI-5009,2026-04-09,25311,12,87.44,2026-04
LI-5009,2026-04-27,28478,41,65.85,2026-04
LI-5012,2026-04-23,23097,18,46.33,2026-04
LI-5015,2026-04-21,9971,9,25.41,2026-04
LI-5103,2026-06-29,2839,2,5.43,2026-06
LI-5001,2026-04-23,53013,30,99.68,2026-04
LI-5009,2026-05-27,21445,29,46.98,2026-05
LI-5006,2026-04-19,35728,47,109.25,2026-04
LI-5007,2026-06-02,13907,21,48.18,2026-06
LI-5105,2026-06-23,7978,10,17.11,2026-06
LI-5015,2026-04-16,12506,25,44.31,2026-04
LI-5016,2026-06-13,25570,25,63.76,2026-06
LI-5004,2026-04-17,45074,22,134.01,2026-04
LI-5102,2026-06-11,7137,4,24.44,2026-06
LI-5006,2026-04-13,77471,41,173.22,2026-04
LI-5007,2026-05-29,13648,5,36.38,2026-05
LI-5001,2026-06-06,40390,61,129.3,2026-06
LI-5005,2026-06-27,7747,12,24.74,2026-06
LI-5016,2026-06-03,20585,28,62.1,2026-06
LI-5012,2026-05-10,21455,13,39.31,2026-05
LI-5003,2026-05-07,15035,8,25.52,2026-05
LI-5101,2026-06-06,9480,5,36.48,2026-06
LI-5002,2026-05-23,9851,19,25.41,2026-05
LI-5103,2026-06-08,4275,2,17.5,2026-06
LI-5008,2026-06-19,7624,8,27.5,2026-06
LI-5014,2026-04-26,12955,11,37.36,2026-04
LI-5014,2026-06-14,13863,11,42.74,2026-06
LI-5102,2026-04-09,6835,9,13.08,2026-04
LI-5102,2026-04-17,4377,2,15.85,2026-04
LI-5006,2026-06-17,47704,57,101.94,2026-06
LI-5101,2026-05-14,6969,13,11.94,2026-05
LI-5013,2026-05-23,4088,8,6.8,2026-05
LI-5008,2026-05-16,9233,14,19.24,2026-05
LI-5001,2026-06-29,44401,55,72.72,2026-06
LI-5003,2026-05-10,8433,6,17.96,2026-05
LI-5014,2026-06-07,3524,1,9.9,2026-06
LI-5101,2026-05-09,7631,3,15.45,2026-05
LI-5013,2026-05-10,6037,3,17.93,2026-05
LI-5006,2026-04-18,47873,30,189.12,2026-04
LI-5104,2026-05-01,4433,7,8.49,2026-05
LI-5007,2026-06-17,11464,20,42.31,2026-06
LI-5104,2026-05-23,3864,4,11.46,2026-05
LI-5103,2026-06-18,4634,5,13.69,2026-06
LI-5102,2026-05-17,5546,6,20.94,2026-05
LI-5103,2026-05-22,5037,10,12.77,2026-05
LI-5104,2026-05-20,3354,1,5.62,2026-05
LI-5005,2026-05-27,6358,13,21.2,2026-05
LI-5010,2026-04-12,36622,23,69.5,2026-04
LI-5002,2026-05-20,6298,3,25.35,2026-05
LI-5103,2026-06-01,3684,6,12.31,2026-06
LI-5006,2026-04-08,54074,34,186.82,2026-04
LI-5011,2026-04-02,7211,13,29.25,2026-04
LI-5002,2026-04-15,9637,14,26.49,2026-04
LI-5102,2026-06-30,6202,11,24.62,2026-06
LI-5105,2026-05-11,4551,6,7.9,2026-05
LI-5015,2026-05-03,13044,7,22.51,2026-05
LI-5011,2026-05-03,5700,11,14.97,2026-05
LI-5013,2026-06-22,4334,6,12.14,2026-06
LI-5102,2026-06-29,6754,13,24.21,2026-06
LI-5007,2026-06-07,12086,11,49.08,2026-06
LI-5013,2026-05-27,4909,3,8.1,2026-05
LI-5103,2026-05-23,5776,11,22.28,2026-05
LI-5013,2026-06-13,8117,13,17.95,2026-06
LI-5102,2026-06-04,5700,5,10.56,2026-06
LI-5012,2026-05-15,18839,32,62.07,2026-05
LI-5006,2026-06-03,47726,53,176.28,2026-06
LI-5015,2026-06-16,9788,4,19.55,2026-06
LI-5015,2026-06-29,17020,13,63.37,2026-06
LI-5001,2026-05-20,33788,14,86.45,2026-05
LI-5102,2026-05-23,5152,8,19.77,2026-05
LI-5104,2026-04-28,3986,5,16.32,2026-04
LI-5001,2026-05-24,51083,74,123.01,2026-05
LI-5013,2026-04-09,5761,4,12.7,2026-04
LI-5102,2026-05-28,8585,11,21.03,2026-05
LI-5999,2026-04-15,32200,19,103.78,2026-04
LI-5009,2026-06-30,20851,29,64.41,2026-06
LI-5004,2026-05-07,40295,62,122.16,2026-05
LI-5008,2026-04-03,9121,9,16.57,2026-04
LI-5013,2026-06-14,6528,9,13.12,2026-06
LI-5012,2026-05-20,15428,29,27.71,2026-05
LI-5104,2026-05-25,4209,7,12.82,2026-05
LI-5105,2026-06-01,7975,11,19.0,2026-06
LI-5011,2026-05-17,6808,2,21.4,2026-05
LI-5001,2026-04-26,46453,35,186.29,2026-04
LI-5001,2026-06-17,38847,46,98.26,2026-06
LI-5003,2026-06-06,12464,18,40.16,2026-06
LI-5102,2026-06-12,5151,6,21.13,2026-06
LI-5015,2026-06-07,16408,25,62.52,2026-06
LI-5103,2026-04-17,4759,3,17.84,2026-04
LI-5011,2026-05-30,7120,6,17.27,2026-05
LI-5003,2026-06-30,12787,13,29.96,2026-06
LI-5012,2026-04-15,20973,22,39.97,2026-04
LI-5003,2026-05-29,19947,33,72.26,2026-05
LI-5010,2026-06-26,34847,61,56.08,2026-06
LI-5004,2026-05-08,30445,44,78.25,2026-05
LI-5011,2026-06-14,4235,3,14.87,2026-06
LI-5012,2026-06-16,22468,21,45.85,2026-06
LI-5003,2026-05-30,19473,34,51.69,2026-05
LI-5005,2026-05-01,6210,12,22.77,2026-05
LI-5015,2026-06-23,12359,8,25.34,2026-06
LI-5104,2026-06-12,3489,5,13.56,2026-06
LI-5106,2026-04-26,8016,6,15.45,2026-04
LI-5012,2026-06-25,22900,46,49.51,2026-06
LI-5105,2026-06-02,8971,8,26.56,2026-06
LI-5015,2026-05-06,12356,11,33.67,2026-05
LI-5106,2026-06-09,5246,4,11.14,2026-06
LI-5013,2026-06-27,6901,12,15.25,2026-06
LI-5004,2026-04-06,28820,55,102.19,2026-04
LI-5105,2026-05-26,8515,7,15.05,2026-05
LI-5007,2026-05-10,15698,19,54.63,2026-05
LI-5009,2026-05-07,19730,9,59.81,2026-05
LI-5004,2026-04-01,21044,28,49.18,2026-04
LI-5005,2026-04-15,6576,12,23.4,2026-04
LI-5004,2026-05-04,25613,28,82.49,2026-05
LI-5015,2026-04-24,12752,8,21.24,2026-04
LI-5001,2026-06-02,37740,42,149.17,2026-06
LI-5003,2026-06-18,17809,14,70.43,2026-06
LI-5104,2026-06-03,4116,6,13.18,2026-06
LI-5006,2026-05-18,62377,84,246.62,2026-05
LI-5012,2026-06-02,23802,13,81.07,2026-06
LI-5014,2026-06-10,14250,24,31.87,2026-06
LI-5013,2026-05-14,5685,4,10.23,2026-05
LI-5010,2026-04-01,46128,90,137.15,2026-04
LI-5105,2026-06-12,6878,3,25.86,2026-06
LI-5015,2026-05-25,14873,6,59.27,2026-05
LI-5003,2026-06-10,14838,19,38.77,2026-06
LI-5008,2026-06-17,7475,3,13.95,2026-06
LI-5105,2026-06-13,10259,13,32.87,2026-06
LI-5003,2026-05-03,8764,17,16.65,2026-05
LI-5010,2026-05-27,28850,34,61.07,2026-05
LI-5103,2026-06-07,4524,2,7.79,2026-06
LI-5104,2026-05-08,2382,4,7.5,2026-05
LI-5103,2026-04-03,3821,5,6.84,2026-04
LI-5004,2026-05-23,33090,40,111.91,2026-05
LI-5014,2026-05-09,14179,16,24.78,2026-05
LI-5016,2026-06-12,24117,26,79.15,2026-06
LI-5001,2026-06-08,34850,68,123.63,2026-06
LI-5010,2026-06-16,30787,46,54.13,2026-06
LI-5103,2026-05-29,3603,4,14.17,2026-05
LI-5014,2026-04-29,17039,32,49.41,2026-04
LI-5005,2026-05-03,8166,4,32.69,2026-05
LI-5104,2026-05-31,3079,4,9.56,2026-05
LI-5001,2026-06-04,67404,133,279.1,2026-06
LI-5015,2026-06-20,13110,5,52.47,2026-06
LI-5010,2026-05-06,37085,38,138.07,2026-05
LI-5013,2026-05-18,5348,7,12.65,2026-05
LI-5102,2026-04-27,7086,4,24.01,2026-04
LI-5004,2026-06-30,46656,74,185.64,2026-06
LI-5015,2026-06-03,13035,18,32.66,2026-06
LI-5002,2026-05-08,13050,6,42.23,2026-05
LI-5009,2026-05-03,19959,24,83.68,2026-05
LI-5005,2026-06-16,4391,2,14.22,2026-06
LI-5014,2026-05-06,17652,16,30.73,2026-05
LI-5106,2026-06-06,5152,7,20.12,2026-06
LI-5106,2026-05-30,5532,2,12.93,2026-05
LI-5012,2026-05-13,12106,16,39.47,2026-05
LI-5014,2026-06-05,16822,12,37.96,2026-06
LI-5104,2026-06-08,4268,2,15.19,2026-06
LI-5007,2026-04-18,11394,19,22.7,2026-04
LI-5008,2026-06-05,8834,8,22.1,2026-06
LI-5003,2026-05-31,15679,30,60.95,2026-06
LI-5013,2026-04-08,5840,4,22.66,2026-04
LI-5010,2026-04-11,38777,76,141.68,2026-04
LI-5102,2026-05-11,8201,15,24.75,2026-05
LI-5105,2026-06-05,7136,10,24.36,2026-06
LI-5004,2026-06-26,36203,61,95.05,2026-06
LI-5014,2026-06-04,14517,29,59.15,2026-06
LI-5005,2026-04-06,5874,2,11.08,2026-04
LI-5103,2026-05-27,5593,3,14.92,2026-05
LI-5106,2026-04-22,6911,13,16.56,2026-04
LI-5009,2026-06-06,25882,15,51.03,2026-06
LI-5012,2026-04-30,17671,31,56.22,2026-04
LI-5101,2026-04-27,4490,5,11.12,2026-04
LI-5014,2026-06-29,17197,7,66.53,2026-06
LI-5102,2026-04-25,6932,5,17.95,2026-04
LI-5101,2026-05-15,3770,5,9.78,2026-05
LI-5102,2026-06-23,6928,6,14.38,2026-06
LI-5006,2026-06-21,43546,52,89.13,2026-06
LI-5012,2026-04-07,24103,13,69.24,2026-04
LI-5103,2026-06-30,4710,3,10.37,2026-06
LI-5103,2026-06-12,3705,3,14.07,2026-06
LI-5004,2026-05-16,29786,30,98.28,2026-05
LI-5102,2026-06-05,8369,16,29.25,2026-06
LI-5011,2026-06-02,6928,11,11.95,2026-06
LI-5001,2026-05-27,57874,85,175.95,2026-05
LI-5004,2026-06-24,22228,18,48.31,2026-06
LI-5006,2026-05-26,52343,32,144.58,2026-05
LI-5102,2026-04-19,6214,8,13.31,2026-04
LI-5014,2026-04-12,12253,5,45.37,2026-04
LI-5104,2026-05-07,3764,3,10.12,2026-05
LI-5014,2026-06-06,10712,20,32.47,2026-06
LI-5014,2026-04-28,11086,17,18.86,2026-04
LI-5001,2026-04-11,36801,53,138.46,2026-04
LI-5105,2026-05-10,7844,16,29.87,2026-05
LI-5003,2026-04-01,15024,12,42.52,2026-04
LI-5105,2026-04-30,6880,12,23.81,2026-05
LI-5007,2026-06-21,15418,22,31.95,2026-06
LI-5003,2026-06-02,12250,20,32.52,2026-06
LI-5014,2026-05-01,11692,16,22.28,2026-05
LI-5013,2026-05-19,4686,8,19.35,2026-05
LI-5011,2026-05-07,5559,5,15.12,2026-05
LI-5002,2026-05-17,9466,12,30.27,2026-05
LI-5010,2026-05-17,42416,72,89.94,2026-05
LI-5010,2026-06-28,19916,34,78.79,2026-06
LI-5101,2026-06-16,10235,18,32.38,2026-06
LI-5104,2026-04-13,3102,6,11.72,2026-04
LI-5008,2026-06-03,4423,6,13.53,2026-06
LI-5008,2026-06-20,6221,7,12.58,2026-06
LI-5103,2026-05-09,2409,4,5.27,2026-05
LI-5012,2026-06-11,17191,22,66.5,2026-06
LI-5106,2026-05-29,4486,4,18.34,2026-05
LI-5002,2026-05-05,9596,6,26.7,2026-05
LI-5010,2026-05-21,34571,21,63.86,2026-05
LI-5010,2026-05-30,38462,37,119.97,2026-05
LI-5012,2026-06-09,21503,17,46.67,2026-06
LI-5003,2026-06-14,14810,21,52.14,2026-06
LI-5102,2026-06-09,7049,13,23.78,2026-06
LI-5010,2026-04-21,32915,55,127.7,2026-04
LI-5102,2026-06-01,5623,6,22.3,2026-06
LI-5002,2026-04-01,9031,12,16.33,2026-04
LI-5104,2026-04-01,3320,6,9.4,2026-04
LI-5001,2026-04-17,53124,21,96.74,2026-04
LI-5102,2026-04-01,7188,12,27.97,2026-04
LI-5101,2026-06-04,9986,13,22.18,2026-06
LI-5104,2026-04-11,4252,4,7.16,2026-04
LI-5012,2026-06-10,23929,20,47.69,2026-06
LI-5002,2026-06-06,10272,4,38.05,2026-06
LI-5103,2026-06-25,1948,2,3.92,2026-06
LI-5101,2026-04-10,7191,7,21.84,2026-04
LI-5102,2026-05-05,6081,4,21.17,2026-05
LI-5010,2026-06-04,23234,43,60.62,2026-06
LI-5011,2026-06-20,7887,15,16.95,2026-06
LI-5011,2026-06-01,10022,14,17.51,2026-06
LI-5008,2026-04-22,5598,5,18.72,2026-04
LI-5005,2026-04-19,5155,7,16.29,2026-04
LI-5014,2026-05-30,12985,9,53.49,2026-05
LI-5106,2026-04-05,12190,11,25.09,2026-04
LI-5105,2026-05-04,10060,18,31.55,2026-05
LI-5001,2026-06-30,40453,61,104.61,2026-06
LI-5008,2026-05-08,9065,3,23.73,2026-05
LI-5005,2026-06-05,4958,9,17.2,2026-06
LI-5002,2026-04-12,6113,2,14.57,2026-04
LI-5012,2026-06-17,13735,23,27.59,2026-06
LI-5104,2026-04-10,2973,1,7.75,2026-04
LI-5006,2026-04-03,50229,63,183.35,2026-04
LI-5012,2026-04-12,19416,14,76.91,2026-04
LI-5007,2026-06-08,8225,16,17.83,2026-06
LI-5011,2026-04-04,7162,7,21.44,2026-04
LI-5013,2026-05-30,5263,6,10.92,2026-05
LI-5013,2026-05-12,5418,9,16.09,2026-05
LI-5006,2026-04-30,48661,73,116.78,2026-04
LI-5001,2026-05-14,46637,66,144.58,2026-05
LI-5005,2026-05-29,4803,3,16.02,2026-05
LI-5007,2026-05-18,17800,30,51.54,2026-05
LI-5001,2026-05-09,30157,32,125.88,2026-05
LI-5013,2026-05-15,4484,4,16.04,2026-05
LI-5007,2026-05-13,15398,22,47.84,2026-05
LI-5009,2026-06-21,34682,51,89.59,2026-06
LI-5999,2026-04-17,45074,22,134.01,2026-04
LI-5005,2026-06-29,6842,5,28.48,2026-06
LI-5009,2026-06-29,24806,26,54.53,2026-06
LI-5101,2026-04-05,6096,10,19.59,2026-04
LI-5104,2026-05-16,3697,5,9.14,2026-05
LI-5002,2026-06-09,9418,16,18.51,2026-06
LI-5104,2026-04-30,2756,5,5.85,2026-04
LI-5013,2026-06-17,7425,7,22.68,2026-06
LI-5013,2026-04-11,5949,9,19.95,2026-04
LI-5006,2026-04-20,42976,58,98.3,2026-04
LI-5015,2026-04-08,4797,5,10.33,2026-04
LI-5002,2026-04-06,11366,20,20.66,2026-04
LI-5015,2026-05-10,9700,15,19.21,2026-05
LI-5014,2026-04-27,13218,26,28.88,2026-04
LI-5015,2026-06-05,16493,30,46.93,2026-06
LI-5009,2026-04-22,22494,15,42.26,2026-04
LI-5009,2026-05-31,25046,25,58.26,2026-06
LI-5102,2026-05-07,5991,8,23.84,2026-05
LI-5013,2026-05-01,6800,13,14.29,2026-05
LI-5003,2026-05-15,7430,7,20.91,2026-05
LI-5005,2026-06-26,6406,12,20.63,2026-06
LI-5010,2026-05-28,34910,38,75.86,2026-05
LI-5106,2026-06-01,8167,15,34.3,2026-06
LI-5005,2026-04-18,7758,5,19.66,2026-04
LI-5106,2026-05-14,7703,10,19.85,2026-05
LI-5102,2026-04-30,5800,2,15.78,2026-04
LI-5009,2026-06-27,21290,33,59.15,2026-06
LI-5103,2026-06-14,5125,6,9.44,2026-06
LI-5012,2026-05-25,20650,15,52.77,2026-05
LI-5008,2026-04-12,8093,6,28.21,2026-04
LI-5015,2026-04-28,8828,8,36.0,2026-04
LI-5004,2026-05-19,18734,36,50.8,2026-05
LI-5008,2026-04-15,4999,8,13.27,2026-04
LI-5105,2026-06-28,6214,9,13.56,2026-06
LI-5104,2026-05-18,3825,3,6.63,2026-05
LI-5016,2026-06-07,29751,19,64.42,2026-06
LI-5102,2026-05-22,7292,7,13.43,2026-05
LI-5011,2026-05-09,8147,14,14.34,2026-05
LI-5005,2026-06-18,5948,2,16.68,2026-06
LI-5007,2026-05-07,14097,16,54.83,2026-05
LI-5103,2026-05-31,4402,6,12.46,2026-06
LI-5009,2026-04-23,14485,28,32.64,2026-04
LI-5103,2026-05-07,4360,6,17.09,2026-05
LI-5012,2026-04-10,28809,56,106.22,2026-04
LI-5010,2026-05-25,29743,60,53.63,2026-05
LI-5008,2026-06-16,5741,3,10.13,2026-06
LI-5005,2026-04-08,4432,3,8.96,2026-04
LI-5005,2026-05-04,5960,11,23.08,2026-05
LI-5103,2026-06-04,3473,5,11.78,2026-06
LI-5014,2026-04-06,12532,14,29.79,2026-04
LI-5003,2026-04-07,20552,35,34.1,2026-04
LI-5011,2026-04-12,8406,4,18.21,2026-04
LI-5105,2026-05-15,8601,14,27.21,2026-05
LI-5102,2026-05-29,7542,8,17.68,2026-05
LI-5105,2026-06-17,4841,9,8.49,2026-06
LI-5105,2026-04-21,6262,7,22.25,2026-04
LI-5014,2026-04-17,15063,31,30.36,2026-04
LI-5002,2026-05-02,9950,4,34.25,2026-05
LI-5001,2026-04-10,34997,57,115.15,2026-04
LI-5104,2026-05-05,3528,6,10.32,2026-05
LI-5002,2026-06-13,10936,13,44.49,2026-06
LI-5009,2026-06-16,13680,21,28.21,2026-06
LI-5013,2026-05-04,7421,14,20.63,2026-05
LI-5003,2026-05-20,11721,19,31.11,2026-05
LI-5101,2026-04-11,8817,16,36.83,2026-04
LI-5005,2026-04-10,7074,6,18.48,2026-04
LI-5007,2026-04-26,18124,32,58.91,2026-04
LI-5105,2026-05-02,8122,15,30.64,2026-05
LI-5008,2026-06-29,7305,8,25.11,2026-06
LI-5003,2026-06-29,16993,22,53.6,2026-06
LI-5104,2026-04-15,2574,2,6.2,2026-04
LI-5003,2026-05-28,16068,13,63.78,2026-05
LI-5011,2026-04-25,7770,15,25.42,2026-04
LI-5014,2026-04-25,17749,29,28.51,2026-04
LI-5001,2026-06-16,51701,72,206.87,2026-06
LI-5003,2026-05-12,16533,32,30.55,2026-05
LI-5008,2026-04-26,9421,7,30.57,2026-04
LI-5008,2026-04-06,6991,3,18.35,2026-04
LI-5011,2026-06-11,9462,10,33.63,2026-06
LI-5102,2026-06-26,9096,10,16.33,2026-06
LI-5103,2026-05-20,5394,5,9.12,2026-05
LI-5006,2026-04-06,46821,90,141.66,2026-04
LI-5004,2026-05-09,29829,36,64.06,2026-05
LI-5012,2026-05-12,24766,41,84.88,2026-05
LI-5014,2026-05-03,13164,15,44.71,2026-05
LI-5005,2026-05-20,6024,2,12.58,2026-05
LI-5012,2026-04-29,16006,9,58.39,2026-04
LI-5013,2026-06-26,5509,6,10.03,2026-06
LI-5004,2026-04-08,33747,67,60.44,2026-04
LI-5006,2026-05-15,46828,57,196.02,2026-05
LI-5004,2026-05-26,37333,56,67.66,2026-05
LI-5001,2026-04-01,63308,118,242.33,2026-04
LI-5007,2026-04-27,8983,18,31.76,2026-04
LI-5011,2026-04-23,6289,8,10.53,2026-04
LI-5007,2026-06-03,12137,24,38.75,2026-06
LI-5009,2026-04-14,21925,28,62.62,2026-04
LI-5014,2026-04-03,12188,11,40.6,2026-04
LI-5004,2026-06-06,43616,83,97.94,2026-06
LI-5014,2026-04-24,11764,12,30.89,2026-04
LI-5006,2026-05-09,55056,82,93.51,2026-05
LI-5999,2026-04-05,28424,47,74.3,2026-04
LI-5009,2026-05-24,20725,41,54.84,2026-05
LI-5013,2026-04-29,6408,6,25.76,2026-04
LI-5011,2026-04-18,9475,13,36.44,2026-04
LI-5001,2026-05-26,46949,76,94.46,2026-05
LI-5004,2026-06-17,40115,60,148.07,2026-06
LI-5011,2026-05-01,7249,13,29.44,2026-05
LI-5009,2026-05-14,18592,11,33.36,2026-05
LI-5001,2026-05-10,58744,23,226.0,2026-05
LI-5006,2026-06-07,57207,34,171.49,2026-06
LI-5015,2026-04-15,8607,16,20.48,2026-04
LI-5105,2026-06-07,7355,14,29.97,2026-06
LI-5004,2026-05-02,21427,40,36.48,2026-05
LI-5003,2026-05-04,15279,19,54.56,2026-05
LI-5015,2026-05-19,9827,4,30.6,2026-05
LI-5101,2026-05-01,7383,3,26.44,2026-05
LI-5006,2026-06-23,46487,34,150.81,2026-06
LI-5104,2026-06-18,2964,2,5.55,2026-06
LI-5014,2026-06-18,16022,13,56.52,2026-06
LI-5101,2026-05-06,9544,16,16.69,2026-05
LI-5013,2026-04-21,7087,7,16.63,2026-04
LI-5104,2026-06-21,3006,2,10.06,2026-06
LI-5103,2026-04-07,5582,9,9.52,2026-04
LI-5014,2026-05-07,12641,5,37.74,2026-05
LI-5105,2026-05-17,6074,11,15.5,2026-05
LI-5003,2026-06-26,17670,12,51.04,2026-06
LI-5012,2026-06-01,23941,27,80.6,2026-06
LI-5002,2026-06-01,8443,14,20.54,2026-06
LI-5001,2026-06-19,26522,37,47.6,2026-06
LI-5101,2026-06-28,6132,11,19.18,2026-06
LI-5014,2026-06-22,10934,19,37.99,2026-06
LI-5105,2026-04-05,9520,5,36.87,2026-04
LI-5010,2026-04-26,39456,27,97.37,2026-04
LI-5005,2026-04-26,5090,5,20.79,2026-04
LI-5004,2026-06-12,20482,27,42.18,2026-06
LI-5002,2026-06-23,8205,6,24.56,2026-06
LI-5106,2026-05-04,7447,11,11.96,2026-05
LI-5102,2026-06-14,5622,7,10.43,2026-06
LI-5104,2026-06-05,4525,2,12.83,2026-06
LI-5001,2026-04-25,52051,22,175.97,2026-04
LI-5002,2026-06-10,8691,5,25.58,2026-06
LI-5104,2026-05-26,2026,2,5.05,2026-05
LI-5008,2026-05-28,8507,5,17.87,2026-05
LI-5105,2026-05-18,5825,2,19.09,2026-05
LI-5002,2026-04-29,9877,18,41.02,2026-04
LI-5012,2026-06-21,15719,10,32.77,2026-06
LI-5003,2026-06-20,21520,43,66.21,2026-06
LI-5007,2026-04-25,14316,6,33.75,2026-04
LI-5104,2026-04-18,3100,2,5.81,2026-04
LI-5014,2026-04-10,6092,11,11.61,2026-04
LI-5001,2026-06-21,27380,17,48.96,2026-06
LI-5104,2026-04-06,3558,4,9.12,2026-04
LI-5009,2026-04-11,22125,19,77.46,2026-04
LI-5105,2026-05-06,7054,10,24.24,2026-05
LI-5014,2026-06-02,9751,17,16.65,2026-06
LI-5106,2026-06-25,6162,8,23.05,2026-06
LI-5005,2026-05-17,5213,9,17.74,2026-05
LI-5002,2026-04-23,11384,20,39.27,2026-04
LI-5104,2026-05-11,3537,3,7.75,2026-05
LI-5005,2026-06-11,5496,5,10.36,2026-06
LI-5001,2026-06-23,64283,30,259.33,2026-06
LI-5002,2026-04-02,12276,18,51.35,2026-04
LI-5004,2026-04-29,32380,47,115.23,2026-04
LI-5001,2026-04-20,38840,21,87.79,2026-04
LI-5103,2026-05-06,4880,2,9.61,2026-05
LI-5003,2026-04-04,10080,12,24.44,2026-04
LI-5003,2026-05-16,16629,21,45.2,2026-05
LI-5014,2026-05-21,18608,32,74.12,2026-05
LI-5004,2026-05-31,28529,17,98.26,2026-05
LI-5103,2026-06-24,4846,10,18.28,2026-06
LI-5103,2026-04-05,4787,6,11.65,2026-04
LI-5014,2026-06-12,10754,20,28.64,2026-06
LI-5006,2026-05-24,28004,46,67.0,2026-05
LI-5101,2026-06-27,4354,4,7.07,2026-06
LI-5004,2026-05-12,26667,16,98.77,2026-05
LI-5999,2026-04-01,21044,28,49.18,2026-04
LI-5009,2026-06-02,18732,10,46.28,2026-06
LI-5105,2026-06-18,7329,8,27.39,2026-06
LI-5104,2026-04-04,4185,6,15.14,2026-04
LI-5007,2026-04-06,10651,6,31.33,2026-04
LI-5008,2026-05-05,7224,8,14.39,2026-05
LI-5014,2026-06-19,12832,26,49.68,2026-06
LI-5013,2026-06-09,6460,12,24.66,2026-06
LI-5012,2026-05-19,18336,15,63.98,2026-05
LI-5105,2026-04-14,8677,6,30.67,2026-04
LI-5014,2026-04-22,14823,22,52.59,2026-04
LI-5004,2026-06-07,23533,23,60.02,2026-06
LI-5012,2026-06-24,18745,10,48.08,2026-06
LI-5004,2026-05-05,33548,19,100.92,2026-05
LI-5011,2026-04-13,3884,4,11.85,2026-04
LI-5013,2026-06-30,7766,9,21.03,2026-06
LI-5103,2026-04-01,5126,6,12.21,2026-04
LI-5102,2026-05-10,6577,10,17.74,2026-05
LI-5001,2026-04-18,61550,93,163.58,2026-04
LI-5001,2026-06-07,61420,32,132.19,2026-06
LI-5104,2026-06-30,4796,10,11.57,2026-06
LI-5104,2026-06-01,2459,3,9.17,2026-06
LI-5008,2026-06-24,-6960,7,24.09,2026-06
LI-5002,2026-04-22,5250,6,19.83,2026-04
LI-5105,2026-06-16,5174,5,12.48,2026-06
LI-5008,2026-06-28,7937,14,24.41,2026-06
LI-5104,2026-04-05,2279,2,6.35,2026-04
LI-5006,2026-06-01,53793,104,221.24,2026-06
LI-5106,2026-06-24,5773,11,11.07,2026-06
LI-5013,2026-05-05,6114,6,11.69,2026-05
LI-5005,2026-05-22,3837,6,10.53,2026-05
LI-5103,2026-05-14,3851,1,12.56,2026-05
LI-5102,2026-05-26,5927,6,19.32,2026-05
LI-5102,2026-05-12,5316,3,17.81,2026-05
LI-5003,2026-06-21,13973,29,45.54,2026-06
LI-5106,2026-06-22,9285,5,23.99,2026-06
LI-5010,2026-04-28,32802,25,77.09,2026-04
LI-5004,2026-04-19,43428,66,120.92,2026-04
LI-5015,2026-04-14,10988,6,28.43,2026-04
LI-5003,2026-06-09,13783,20,42.46,2026-06
LI-5007,2026-05-30,11798,15,21.68,2026-05
LI-5105,2026-05-08,7594,5,13.79,2026-05
LI-5101,2026-06-13,6710,3,11.23,2026-06
LI-5012,2026-04-25,16170,26,40.34,2026-04
LI-5103,2026-04-27,6009,6,15.33,2026-04
LI-5101,2026-05-05,6431,11,22.4,2026-05
LI-5005,2026-04-17,8044,14,19.41,2026-04
LI-5104,2026-06-24,4076,4,12.84,2026-06
LI-5011,2026-05-28,6234,9,11.36,2026-05
LI-5005,2026-04-04,6006,7,18.06,2026-04
LI-5005,2026-05-09,6374,12,23.62,2026-05
LI-5008,2026-05-12,9859,11,24.12,2026-05
LI-5105,2026-05-22,7341,5,28.93,2026-05
LI-5012,2026-04-26,15197,10,31.83,2026-04
LI-5013,2026-04-28,5314,10,21.37,2026-04
LI-5010,2026-06-20,30068,17,52.6,2026-06
LI-5006,2026-06-20,44422,81,111.98,2026-06
LI-5011,2026-05-12,5885,3,15.11,2026-05
LI-5011,2026-06-09,5450,11,21.71,2026-06
LI-5006,2026-05-12,57830,69,154.39,2026-05
LI-5105,2026-06-09,3511,7,6.83,2026-06
LI-5006,2026-04-05,32042,21,115.12,2026-04
LI-5015,2026-05-05,9039,10,14.99,2026-05
LI-5003,2026-04-30,19791,21,66.92,2026-05
LI-5011,2026-04-28,3690,3,6.98,2026-04
LI-5101,2026-06-09,8324,12,29.46,2026-06
LI-5104,2026-05-02,3341,3,9.19,2026-05
LI-5002,2026-06-22,8531,11,26.36,2026-06
LI-5015,2026-05-08,12457,16,25.38,2026-05
LI-5003,2026-04-11,9729,5,34.05,2026-04
LI-5002,2026-05-22,10277,12,33.16,2026-05
LI-5101,2026-06-11,5405,2,20.25,2026-06
LI-5014,2026-05-04,15947,7,36.58,2026-05
LI-5999,2026-04-03,35190,14,78.72,2026-04
LI-5101,2026-05-31,5755,5,11.43,2026-06
LI-5003,2026-05-18,14358,22,54.49,2026-05
LI-5007,2026-04-24,12405,11,35.44,2026-04
LI-5009,2026-05-01,18560,35,44.62,2026-05
LI-5014,2026-05-29,11289,23,36.12,2026-05
LI-5007,2026-05-22,12617,17,35.1,2026-05
LI-5009,2026-05-04,31639,23,121.96,2026-05
LI-5002,2026-06-03,7130,7,12.94,2026-06
LI-5101,2026-06-29,7214,7,21.71,2026-06
LI-5101,2026-06-02,8584,6,24.9,2026-06
LI-5010,2026-06-05,30981,27,57.79,2026-06
LI-5014,2026-04-23,10355,15,28.31,2026-04
LI-5015,2026-06-25,10311,15,21.59,2026-06
LI-5012,2026-04-18,25248,16,105.61,2026-04
LI-5105,2026-06-10,4676,4,12.07,2026-06
LI-5001,2026-06-14,59244,57,207.68,2026-06
LI-5009,2026-06-20,18318,38,36.36,2026-06
LI-5005,2026-05-21,6008,4,20.27,2026-05
LI-5102,2026-04-04,6987,6,15.62,2026-04
LI-5014,2026-05-18,6985,6,26.79,2026-05
LI-5011,2026-04-21,6427,11,22.56,2026-04
LI-5104,2026-04-12,2801,1,7.58,2026-04
LI-5008,2026-04-04,5841,11,14.29,2026-04
LI-5003,2026-05-22,17304,21,28.38,2026-05
LI-5001,2026-04-21,56733,95,166.43,2026-04
LI-5106,2026-04-16,7427,11,18.33,2026-04
LI-5001,2026-04-30,39941,61,98.89,2026-05
LI-5009,2026-06-15,25811,19,68.69,2026-06
LI-5010,2026-06-03,27305,28,85.81,2026-06
LI-5103,2026-06-26,5645,10,23.37,2026-06
LI-5103,2026-06-06,2526,4,4.65,2026-06
LI-5012,2026-05-24,21997,43,90.16,2026-05
LI-5004,2026-04-18,30777,18,84.68,2026-04
LI-5011,2026-04-05,4021,5,7.6,2026-04
LI-5015,2026-04-03,8403,10,30.94,2026-04
LI-5013,2026-04-02,6293,5,24.5,2026-04
LI-5013,2026-04-20,7545,7,27.58,2026-04
LI-5002,2026-04-24,9009,18,20.9,2026-04
LI-5103,2026-04-26,3426,5,8.82,2026-04
LI-5013,2026-04-24,3051,1,8.84,2026-04
LI-5006,2026-04-11,41112,30,166.78,2026-04
LI-5105,2026-04-04,10186,5,19.43,2026-04
LI-5010,2026-06-10,31449,14,98.58,2026-06
LI-5002,2026-06-16,12946,21,42.22,2026-06
LI-5005,2026-05-14,6412,12,12.74,2026-05
LI-5104,2026-04-03,3053,2,10.03,2026-04
LI-5004,2026-05-18,42453,56,150.28,2026-05
LI-5106,2026-06-21,6841,8,14.65,2026-06
LI-5010,2026-06-18,33607,58,91.64,2026-06
LI-5103,2026-06-02,4041,2,12.03,2026-06
LI-5013,2026-04-10,6988,6,17.17,2026-04
LI-5008,2026-06-07,6725,10,22.92,2026-06
LI-5011,2026-04-11,6472,5,17.32,2026-04
LI-5007,2026-04-21,17899,7,70.13,2026-04
LI-5103,2026-04-09,5718,7,23.27,2026-04
LI-5007,2026-05-23,11662,10,32.81,2026-05
LI-5104,2026-06-16,2831,5,8.41,2026-06
LI-5003,2026-06-15,14205,11,37.56,2026-06
LI-5003,2026-06-13,12808,26,21.25,2026-06
LI-5008,2026-06-30,8844,12,33.26,2026-06
LI-5104,2026-06-11,4130,1,9.02,2026-06
LI-5008,2026-06-08,7425,11,30.49,2026-06
LI-5011,2026-06-17,6298,8,11.93,2026-06
LI-5006,2026-05-13,38079,55,129.17,2026-05
LI-5010,2026-06-19,43076,34,129.55,2026-06
LI-5002,2026-05-10,8583,12,31.75,2026-05
LI-5101,2026-05-07,5942,2,21.83,2026-05
LI-5002,2026-04-10,11399,14,36.45,2026-04
LI-5002,2026-06-20,11495,22,24.62,2026-06
LI-5006,2026-05-07,52925,67,120.96,2026-05
LI-5104,2026-06-28,3803,4,12.45,2026-06
LI-5106,2026-05-06,7550,14,12.99,2026-05
LI-5102,2026-04-22,6367,11,10.69,2026-04
LI-5002,2026-04-20,13625,14,42.46,2026-04
LI-5104,2026-05-12,3464,1,6.0,2026-05
LI-5106,2026-04-30,5862,7,11.01,2026-04
LI-5014,2026-05-12,10619,5,36.46,2026-05
LI-5012,2026-04-20,11522,14,33.1,2026-04
LI-5014,2026-05-14,17730,22,41.66,2026-05
LI-5008,2026-06-15,10445,7,30.66,2026-06
LI-5010,2026-04-09,34771,58,136.76,2026-04
LI-5104,2026-05-17,2727,3,7.04,2026-05
LI-5105,2026-06-15,8440,9,23.68,2026-06
LI-5102,2026-04-24,6854,9,20.63,2026-04
LI-5104,2026-04-20,4372,3,15.22,2026-04
LI-5012,2026-04-19,30132,30,60.71,2026-04
LI-5013,2026-06-08,5835,11,12.88,2026-06
LI-5102,2026-06-28,7608,7,20.12,2026-06
LI-5011,2026-05-21,7962,11,19.26,2026-05
LI-5008,2026-04-23,5990,11,12.95,2026-04
LI-5103,2026-05-17,4825,2,17.66,2026-05
LI-5101,2026-05-08,8609,5,18.29,2026-05
LI-5105,2026-04-02,8962,18,36.51,2026-04
LI-5003,2026-06-28,19432,38,52.35,2026-06
LI-5103,2026-06-23,4468,6,7.18,2026-06
LI-5001,2026-06-03,44992,55,132.83,2026-06
LI-5005,2026-04-30,7181,4,26.39,2026-05
LI-5013,2026-04-03,8153,5,16.22,2026-04
LI-5103,2026-04-12,3767,2,13.31,2026-04
LI-5010,2026-06-13,16928,25,33.94,2026-06
LI-5015,2026-04-22,10389,12,23.54,2026-04
LI-5006,2026-06-28,53036,85,103.46,2026-06
LI-5009,2026-05-21,18348,19,67.67,2026-05
LI-5014,2026-04-02,14221,26,28.35,2026-04
LI-5015,2026-04-27,14336,6,51.15,2026-04
LI-5002,2026-06-18,11498,15,27.71,2026-06
LI-5001,2026-05-07,48694,101,175.34,2026-05
LI-5003,2026-06-01,14815,23,53.26,2026-06
LI-5001,2026-06-22,54555,63,139.45,2026-06
LI-5015,2026-04-11,9637,15,29.53,2026-04
LI-5011,2026-05-06,7060,7,20.05,2026-05
LI-5010,2026-05-12,31875,27,72.43,2026-05
LI-5005,2026-04-09,2942,4,9.94,2026-04
LI-5012,2026-05-16,20797,27,59.28,2026-05
LI-5015,2026-06-27,11685,22,42.99,2026-06
LI-5015,2026-05-29,14642,13,48.07,2026-05
LI-5013,2026-06-18,4806,5,19.22,2026-06
LI-5009,2026-04-24,29465,36,56.37,2026-04
LI-5006,2026-05-23,63366,104,199.83,2026-05
LI-5014,2026-06-01,14267,28,32.77,2026-06
LI-5012,2026-05-07,18563,32,75.23,2026-05
LI-5014,2026-05-22,12543,6,34.07,2026-05
LI-5104,2026-05-29,2234,4,7.79,2026-05
LI-5007,2026-05-09,13065,18,48.29,2026-05
LI-5006,2026-05-27,49153,61,129.35,2026-05
LI-5002,2026-06-26,9952,12,26.29,2026-06
LI-5004,2026-04-04,25382,11,50.94,2026-04
LI-5010,2026-05-31,32774,49,75.25,2026-06
LI-5007,2026-04-02,12080,19,27.78,2026-04
LI-5008,2026-06-22,9576,4,21.64,2026-06
LI-5006,2026-04-22,53382,95,168.9,2026-04
LI-5003,2026-05-14,20821,24,74.71,2026-05
LI-5007,2026-06-26,9125,15,26.75,2026-06
LI-5003,2026-05-05,14317,17,48.43,2026-05
LI-5012,2026-05-23,28109,25,45.17,2026-05
LI-5104,2026-06-26,4897,9,18.39,2026-06
LI-5105,2026-04-18,6332,9,24.66,2026-04
LI-5010,2026-04-19,32631,66,72.45,2026-04
LI-5002,2026-06-29,6530,3,19.59,2026-06
LI-5011,2026-04-09,8068,4,23.65,2026-04
LI-5009,2026-04-18,14807,21,53.16,2026-04
LI-5010,2026-06-22,36579,63,147.17,2026-06
LI-5102,2026-04-28,6819,9,22.28,2026-04
LI-5106,2026-06-02,8164,11,25.49,2026-06
LI-5008,2026-05-11,8684,10,27.12,2026-05
LI-5008,2026-04-02,6640,2,16.18,2026-04
LI-5001,2026-05-15,56450,26,111.8,2026-05
LI-5102,2026-05-13,6667,6,21.87,2026-05
LI-5003,2026-06-22,14835,26,26.67,2026-06
LI-5012,2026-06-27,20478,20,44.44,2026-06
LI-5106,2026-06-26,7633,11,26.52,2026-06
LI-5014,2026-05-26,12391,24,38.71,2026-05
LI-5016,2026-06-15,14935,30,44.42,2026-06
LI-5010,2026-06-17,16455,12,27.23,2026-06
LI-5010,2026-05-02,28635,15,94.13,2026-05
LI-5002,2026-04-04,9711,10,34.1,2026-04
LI-5002,2026-06-24,11030,13,35.0,2026-06
LI-5005,2026-05-05,7042,13,19.51,2026-05
LI-5014,2026-04-14,8317,9,27.24,2026-04
LI-5004,2026-05-30,25963,42,66.27,2026-05
LI-5012,2026-05-26,24848,24,48.86,2026-05
LI-5001,2026-05-02,40821,44,163.26,2026-05
LI-5009,2026-04-17,27199,23,71.22,2026-04
LI-5014,2026-06-16,17623,29,61.66,2026-06
LI-5005,2026-04-11,6799,8,15.72,2026-04
LI-5101,2026-05-27,5833,2,16.79,2026-05
LI-5005,2026-05-15,7094,4,17.84,2026-05
LI-5104,2026-06-25,2666,5,10.72,2026-06
LI-5008,2026-05-19,7341,10,29.73,2026-05
LI-5005,2026-05-25,8226,16,19.92,2026-05
LI-5101,2026-05-19,9570,7,22.25,2026-05
LI-5002,2026-05-24,6831,9,26.55,2026-05
LI-5106,2026-04-20,5835,3,18.15,2026-04
LI-5103,2026-04-28,4476,6,11.26,2026-04
LI-5003,2026-06-23,15610,22,55.79,2026-06
LI-5106,2026-04-04,9263,11,38.89,2026-04
LI-5011,2026-06-16,7417,13,24.72,2026-06
LI-5001,2026-04-15,32584,45,68.68,2026-04
LI-5013,2026-04-27,4992,3,19.38,2026-04
LI-5006,2026-06-13,46093,64,79.25,2026-06
LI-5005,2026-04-28,6730,3,25.86,2026-04
LI-5010,2026-05-05,46188,62,193.32,2026-05
LI-5009,2026-04-02,16752,25,36.87,2026-04
LI-5009,2026-06-13,18525,10,77.2,2026-06
LI-5001,2026-06-18,38537,35,65.02,2026-06
LI-5007,2026-05-28,12864,16,53.55,2026-05
LI-5005,2026-04-24,5779,11,17.52,2026-04
LI-5003,2026-04-02,16134,9,44.01,2026-04
LI-5102,2026-04-18,5467,8,14.92,2026-04
LI-5101,2026-05-10,7333,8,30.0,2026-05
LI-5010,2026-04-17,44775,33,73.31,2026-04
LI-5102,2026-05-30,9311,10,20.01,2026-05
LI-5105,2026-06-14,7088,12,13.34,2026-06
LI-5003,2026-04-09,13071,20,31.86,2026-04
LI-5104,2026-05-27,4190,7,12.19,2026-05
LI-5104,2026-04-08,2926,4,7.16,2026-04
LI-5005,2026-04-01,6100,10,25.39,2026-04
LI-5010,2026-05-20,42340,37,82.47,2026-05
LI-5013,2026-06-07,7451,8,18.36,2026-06
LI-5003,2026-06-03,12733,20,22.71,2026-06
LI-5010,2026-06-02,39037,56,63.99,2026-06
LI-5004,2026-04-02,39868,64,94.48,2026-04
LI-5002,2026-05-27,10102,7,35.12,2026-05
LI-5013,2026-05-08,6402,6,11.06,2026-05
LI-5004,2026-04-22,33180,43,139.15,2026-04
LI-5004,2026-05-22,35890,19,110.07,2026-05
LI-5009,2026-05-13,23542,10,48.0,2026-05
LI-5009,2026-06-11,12325,9,47.94,2026-06
LI-5006,2026-06-24,66139,47,257.18,2026-06
LI-5104,2026-06-17,755,0,2.15,2026-06
LI-5106,2026-06-17,7126,13,21.96,2026-06
LI-5008,2026-05-10,10061,10,17.53,2026-05
LI-5013,2026-05-13,5674,11,10.28,2026-05
LI-5010,2026-06-21,32929,69,108.87,2026-06
LI-5009,2026-05-11,19100,22,71.96,2026-05
LI-5106,2026-05-01,8823,6,25.42,2026-05
LI-5001,2026-04-06,42499,49,83.67,2026-04
LI-5011,2026-06-04,6389,12,20.83,2026-06
LI-5013,2026-06-16,5583,3,18.91,2026-06
LI-5002,2026-04-13,8198,12,17.43,2026-04
LI-5003,2026-04-29,16074,28,30.98,2026-04
LI-5016,2026-06-11,32973,18,123.74,2026-06
LI-5102,2026-04-15,5859,5,18.09,2026-04
LI-5001,2026-05-12,33320,69,55.01,2026-05
LI-5101,2026-04-22,7672,8,27.48,2026-04
LI-5104,2026-05-06,2605,1,6.1,2026-05
LI-5005,2026-04-14,5319,3,21.23,2026-04
LI-5015,2026-04-05,9588,5,20.99,2026-04
LI-5002,2026-05-26,10642,12,35.05,2026-05
LI-5104,2026-04-24,2851,2,7.91,2026-04
LI-5013,2026-04-19,5681,9,20.64,2026-04
LI-5103,2026-04-20,4152,2,17.16,2026-04
LI-5101,2026-06-30,7895,15,15.34,2026-06
LI-5012,2026-06-28,21097,22,83.04,2026-06
LI-5105,2026-04-11,8280,11,28.33,2026-04
LI-5003,2026-04-24,10778,8,45.22,2026-04
LI-5012,2026-06-07,17630,35,69.4,2026-06
LI-5001,2026-04-28,39251,63,105.64,2026-04
LI-5013,2026-04-13,7151,3,25.64,2026-04
LI-5102,2026-04-06,6250,10,20.45,2026-04
LI-5013,2026-05-16,5122,10,14.9,2026-05
LI-5016,2026-06-25,26002,18,87.03,2026-06
LI-5003,2026-04-23,19429,18,77.7,2026-04
LI-5102,2026-06-27,7719,10,31.93,2026-06
LI-5105,2026-04-16,7075,11,18.86,2026-04
LI-5008,2026-05-04,8707,4,21.67,2026-05
LI-5007,2026-06-18,13949,16,36.83,2026-06
LI-5005,2026-05-18,5057,2,17.93,2026-05
LI-5105,2026-05-09,5826,8,14.61,2026-05
LI-5009,2026-04-13,28395,27,47.39,2026-04
LI-5012,2026-05-02,19058,11,48.23,2026-05
LI-5001,2026-06-13,49440,31,136.99,2026-06
LI-5101,2026-05-30,6112,12,15.68,2026-05
LI-5013,2026-05-21,5567,10,15.64,2026-05
LI-5011,2026-06-28,5921,10,11.09,2026-06
LI-5104,2026-06-27,4002,3,8.95,2026-06
LI-5003,2026-04-25,12327,23,24.02,2026-04
LI-5010,2026-05-19,20451,21,65.3,2026-05
